EBn,ALL,CHINA,INDIA,MEXICO,PHILIPPINES,state,date,CENTRALAMERICA,VIETNAM
1st,2016-1-1,2016-1-1,2016-1-1,2016-1-1,2016-1-1,final,2016-1-1,,
2nd,2016-1-1,2012-2-01,2008-2-01,2016-1-1,2016-1-1,final,2016-1-1,,
3rd,2015-10-01,2012-7-01,2004-5-15,2015-10-01,2007-11-01,final,2016-1-1,,
Other Workers,2015-10-01,2006-12-01,2004-5-15,2015-10-01,2007-11-01,final,2016-1-1,,
4th,2016-1-1,2016-1-1,2016-1-1,2016-1-1,2016-1-1,final,2016-1-1,,
Religious Workers,,,,,,final,2016-1-1,,
5th non-regional,2016-1-1,2014-1-08,2016-1-1,2016-1-1,2016-1-1,final,2016-1-1,,
5th regional,,,,,,final,2016-1-1,,
1st,2016-1-1,2016-1-1,2016-1-1,2016-1-1,2016-1-1,filing,2016-1-1,,
2nd,2016-1-1,2013-1-01,2009-7-01,2016-1-1,2016-1-1,filing,2016-1-1,,
3rd,2016-1-01,2013-10-01,2005-7-01,2016-1-01,2010-1-01,filing,2016-1-1,,
Other Workers,2016-1-01,2007-1-01,2005-7-01,2016-1-01,2010-1-01,filing,2016-1-1,,
4th,2016-1-1,2016-1-1,2016-1-1,2016-1-1,2016-1-1,filing,2016-1-1,,
Religious Workers,2016-1-1,2016-1-1,2016-1-1,2016-1-1,2016-1-1,filing,2016-1-1,,
5th non-regional,2016-1-1,2015-5-01,2016-1-1,2016-1-1,2016-1-1,filing,2016-1-1,,
5th regional,2016-1-1,2015-5-01,2016-1-1,2016-1-1,2016-1-1,filing,2016-1-1,,
1st,2016-2-1,2016-2-1,2016-2-1,2016-2-1,2016-2-1,final,2016-2-1,,
2nd,2016-2-1,2012-3-01,2008-8-01,2016-2-1,2016-2-1,final,2016-2-1,,
3rd,2015-10-01,2012-10-01,2004-6-15,2015-10-01,2008-1-08,final,2016-2-1,,
Other Workers,2015-10-01,2006-12-22,2004-6-15,2015-10-01,2008-1-08,final,2016-2-1,,
4th,2016-2-1,2016-2-1,2016-2-1,2016-2-1,2016-2-1,final,2016-2-1,,
Religious Workers,2016-2-1,2016-2-1,2016-2-1,2016-2-1,2016-2-1,final,2016-2-1,,
5th non-regional,2016-2-1,2014-1-15,2016-2-1,2016-2-1,2016-2-1,final,2016-2-1,,
5th regional,2016-2-1,2014-1-15,2016-2-1,2016-2-1,2016-2-1,final,2016-2-1,,
1st,2016-2-1,2016-2-1,2016-2-1,2016-2-1,2016-2-1,filing,2016-2-1,,
2nd,2016-2-1,2013-1-01,2009-7-01,2016-2-1,2016-2-1,filing,2016-2-1,,
3rd,2016-1-01,2013-10-01,2005-7-01,2016-1-01,2010-1-01,filing,2016-2-1,,
Other Workers,2016-1-01,2007-1-01,2005-7-01,2016-1-01,2010-1-01,filing,2016-2-1,,
4th,2016-2-1,2016-2-1,2016-2-1,2016-2-1,2016-2-1,filing,2016-2-1,,
Religious Workers,2016-2-1,2016-2-1,2016-2-1,2016-2-1,2016-2-1,filing,2016-2-1,,
5th non-regional,2016-2-1,2015-5-01,2016-2-1,2016-2-1,2016-2-1,filing,2016-2-1,,
5th regional,2016-2-1,2015-5-01,2016-2-1,2016-2-1,2016-2-1,filing,2016-2-1,,
1st,2016-3-1,2016-3-1,2016-3-1,2016-3-1,2016-3-1,final,2016-3-1,,
2nd,2016-3-1,2012-8-01,2008-10-15,2016-3-1,2016-3-1,final,2016-3-1,,
3rd,2016-1-01,2013-6-01,2004-7-15,2016-1-01,2008-3-15,final,2016-3-1,,
Other Workers,2016-1-01,2007-2-01,2004-7-15,2016-1-01,2008-3-15,final,2016-3-1,,
4th,2016-3-1,2016-3-1,2016-3-1,2016-3-1,2016-3-1,final,2016-3-1,,
Religious Workers,2016-3-1,2016-3-1,2016-3-1,2016-3-1,2016-3-1,final,2016-3-1,,
5th non-regional,2016-3-1,2014-1-22,2016-3-1,2016-3-1,2016-3-1,final,2016-3-1,,
5th regional,2016-3-1,2014-1-22,2016-3-1,2016-3-1,2016-3-1,final,2016-3-1,,
1st,2016-3-1,2016-3-1,2016-3-1,2016-3-1,2016-3-1,filing,2016-3-1,,
2nd,2016-3-1,2013-6-01,2009-7-01,2016-3-1,2016-3-1,filing,2016-3-1,,
3rd,2016-3-1,2015-5-01,2005-7-01,2016-3-1,2010-1-01,filing,2016-3-1,,
Other Workers,2016-3-1,2007-8-01,2005-7-01,2016-3-1,2010-1-01,filing,2016-3-1,,
4th,2016-3-1,2016-3-1,2016-3-1,2016-3-1,2016-3-1,filing,2016-3-1,,
Religious Workers,2016-3-1,2016-3-1,2016-3-1,2016-3-1,2016-3-1,filing,2016-3-1,,
5th non-regional,2016-3-1,2015-5-01,2016-3-1,2016-3-1,2016-3-1,filing,2016-3-1,,
5th regional,2016-3-1,2015-5-01,2016-3-1,2016-3-1,2016-3-1,filing,2016-3-1,,
1st,2016-4-1,2016-4-1,2016-4-1,2016-4-1,2016-4-1,final,2016-4-1,,
2nd,2016-4-1,2012-9-01,2008-11-08,2016-4-1,2016-4-1,final,2016-4-1,,
3rd,2016-2-15,2013-8-15,2004-8-08,2016-2-15,2008-5-01,final,2016-4-1,,
Other Workers,2016-2-15,2007-3-01,2004-8-08,2016-2-15,2008-5-01,final,2016-4-1,,
4th,2016-4-1,2016-4-1,2016-4-1,2016-4-1,2016-4-1,final,2016-4-1,,
Religious Workers,2016-4-1,2016-4-1,2016-4-1,2016-4-1,2016-4-1,final,2016-4-1,,
5th non-regional,2016-4-1,2014-2-01,2016-4-1,2016-4-1,2016-4-1,final,2016-4-1,,
5th regional,2016-4-1,2014-2-01,2016-4-1,2016-4-1,2016-4-1,final,2016-4-1,,
1st,2016-4-1,2016-4-1,2016-4-1,2016-4-1,2016-4-1,filing,2016-4-1,,
2nd,2016-4-1,2013-6-01,2009-7-01,2016-4-1,2016-4-1,filing,2016-4-1,,
3rd,2016-4-1,2015-5-01,2005-7-01,2016-4-1,2010-1-01,filing,2016-4-1,,
Other Workers,2016-4-1,2007-8-01,2005-7-01,2016-4-1,2010-1-01,filing,2016-4-1,,
4th,2016-4-1,2016-4-1,2016-4-1,2016-4-1,2016-4-1,filing,2016-4-1,,
Religious Workers,2016-4-1,2016-4-1,2016-4-1,2016-4-1,2016-4-1,filing,2016-4-1,,
5th non-regional,2016-4-1,2015-5-01,2016-4-1,2016-4-1,2016-4-1,filing,2016-4-1,,
5th regional,2016-4-1,2015-5-01,2016-4-1,2016-4-1,2016-4-1,filing,2016-4-1,,
1st,2016-5-1,2016-5-1,2016-5-1,2016-5-1,2016-5-1,final,2016-5-1,2016-5-1,
2nd,2016-5-1,2012-9-01,2008-11-22,2016-5-1,2016-5-1,final,2016-5-1,2016-5-1,
3rd,2016-2-15,2013-8-15,2004-9-01,2016-2-15,2008-8-08,final,2016-5-1,2016-2-15,
Other Workers,2016-2-15,2007-4-22,2004-9-01,2016-2-15,2008-8-08,final,2016-5-1,2016-2-15,
4th,2016-5-1,2016-5-1,2016-5-1,2016-5-1,2016-5-1,final,2016-5-1,2010-1-01,
Religious Workers,2016-5-1,2016-5-1,2016-5-1,2016-5-1,2016-5-1,final,2016-5-1,2010-1-01,
5th non-regional,2016-5-1,2014-2-08,2016-5-1,2016-5-1,2016-5-1,final,2016-5-1,2016-5-1,
5th regional,2016-5-1,2014-2-08,2016-5-1,2016-5-1,2016-5-1,final,2016-5-1,2016-5-1,
1st,2016-5-1,2016-5-1,2016-5-1,2016-5-1,2016-5-1,filing,2016-5-1,,
2nd,2016-5-1,2013-6-01,2009-7-01,2016-5-1,2016-5-1,filing,2016-5-1,,
3rd,2016-5-1,2015-5-01,2005-7-01,2016-5-1,2010-1-01,filing,2016-5-1,,
Other Workers,2016-5-1,2008-4-01,2005-7-01,2016-5-1,2010-1-01,filing,2016-5-1,,
4th,2016-5-1,2016-5-1,2016-5-1,2016-5-1,2016-5-1,filing,2016-5-1,,
Religious Workers,2016-5-1,2016-5-1,2016-5-1,2016-5-1,2016-5-1,filing,2016-5-1,,
5th non-regional,2016-5-1,2015-5-01,2016-5-1,2016-5-1,2016-5-1,filing,2016-5-1,,
5th regional,2016-5-1,2015-5-01,2016-5-1,2016-5-1,2016-5-1,filing,2016-5-1,,
1st,2016-6-1,2016-6-1,2016-6-1,2016-6-1,2016-6-1,final,2016-6-1,2016-6-1,
2nd,2016-6-1,2010-1-01,2004-10-01,2016-6-1,2016-6-1,final,2016-6-1,2016-6-1,
3rd,2016-2-15,2010-1-01,2004-9-22,2016-2-15,2008-11-01,final,2016-6-1,2016-2-15,
Other Workers,2016-2-15,2007-4-22,2004-9-22,2016-2-15,2008-11-01,final,2016-6-1,2016-2-15,
4th,2016-6-1,2016-6-1,2016-6-1,2016-6-1,2016-6-1,final,2016-6-1,2010-1-01,
Religious Workers,2016-6-1,2016-6-1,2016-6-1,2016-6-1,2016-6-1,final,2016-6-1,2010-1-01,
5th non-regional,2016-6-1,2014-2-15,2016-6-1,2016-6-1,2016-6-1,final,2016-6-1,2016-6-1,
5th regional,2016-6-1,2014-2-15,2016-6-1,2016-6-1,2016-6-1,final,2016-6-1,2016-6-1,
1st,2016-6-1,2016-6-1,2016-6-1,2016-6-1,2016-6-1,filing,2016-6-1,,
2nd,2016-6-1,2013-6-01,2009-7-01,2016-6-1,2016-6-1,filing,2016-6-1,,
3rd,2016-6-1,2015-5-01,2005-7-01,2016-6-1,2010-1-01,filing,2016-6-1,,
Other Workers,2016-6-1,2009-8-01,2005-7-01,2016-6-1,2010-1-01,filing,2016-6-1,,
4th,2016-6-1,2016-6-1,2016-6-1,2016-6-1,2016-6-1,filing,2016-6-1,,
Religious Workers,2016-6-1,2016-6-1,2016-6-1,2016-6-1,2016-6-1,filing,2016-6-1,,
5th non-regional,2016-6-1,2015-5-01,2016-6-1,2016-6-1,2016-6-1,filing,2016-6-1,,
5th regional,2016-6-1,2015-5-01,2016-6-1,2016-6-1,2016-6-1,filing,2016-6-1,,
1st,2016-7-1,2016-7-1,2016-7-1,2016-7-1,2016-7-1,final,2016-7-1,2016-7-1,
2nd,2016-7-1,2010-1-01,2004-11-01,2016-7-1,2016-7-1,final,2016-7-1,2016-7-1,
3rd,2016-3-01,2010-1-01,2004-10-22,2016-3-01,2009-2-15,final,2016-7-1,2016-3-01,
Other Workers,2016-3-01,2004-1-01,2004-10-22,2016-3-01,2009-2-15,final,2016-7-1,2016-3-01,
4th,2016-7-1,2016-7-1,2016-7-1,2010-1-01,2016-7-1,final,2016-7-1,2010-1-01,
Religious Workers,2016-7-1,2016-7-1,2016-7-1,2010-1-01,2016-7-1,final,2016-7-1,2010-1-01,
5th non-regional,2016-7-1,2014-2-15,2016-7-1,2016-7-1,2016-7-1,final,2016-7-1,2016-7-1,
5th regional,2016-7-1,2014-2-15,2016-7-1,2016-7-1,2016-7-1,final,2016-7-1,2016-7-1,
1st,2016-7-1,2016-7-1,2016-7-1,2016-7-1,2016-7-1,filing,2016-7-1,,
2nd,2016-7-1,2013-6-01,2009-7-01,2016-7-1,2016-7-1,filing,2016-7-1,,
3rd,2016-7-1,2015-5-01,2005-7-01,2016-7-1,2010-1-01,filing,2016-7-1,,
Other Workers,2016-7-1,2009-8-01,2005-7-01,2016-7-1,2010-1-01,filing,2016-7-1,,
4th,2016-7-1,2016-7-1,2016-7-1,2016-7-1,2016-7-1,filing,2016-7-1,,
Religious Workers,2016-7-1,2016-7-1,2016-7-1,2016-7-1,2016-7-1,filing,2016-7-1,,
5th non-regional,2016-7-1,2015-5-01,2016-7-1,2016-7-1,2016-7-1,filing,2016-7-1,,
5th regional,2016-7-1,2015-5-01,2016-7-1,2016-7-1,2016-7-1,filing,2016-7-1,,
1st,2016-8-1,2010-1-01,2010-1-01,2016-8-1,2016-8-1,final,2016-8-1,2016-8-1,
2nd,2014-2-01,2010-1-01,2004-11-15,2014-2-01,2014-2-01,final,2016-8-1,2014-2-01,
3rd,2016-3-15,2010-1-01,2004-11-08,2016-3-15,2009-5-15,final,2016-8-1,2016-3-15,
Other Workers,2016-3-15,2004-1-01,2004-11-08,2016-3-15,2009-5-15,final,2016-8-1,2016-3-15,
4th,2016-8-1,2016-8-1,2010-1-01,2010-1-01,2016-8-1,final,2016-8-1,2010-1-01,
Religious Workers,2016-8-1,2016-8-1,2010-1-01,2010-1-01,2016-8-1,final,2016-8-1,2010-1-01,
5th non-regional,2016-8-1,2014-2-15,2016-8-1,2016-8-1,2016-8-1,final,2016-8-1,2016-8-1,
5th regional,2016-8-1,2014-2-15,2016-8-1,2016-8-1,2016-8-1,final,2016-8-1,2016-8-1,
1st,2016-8-1,2016-8-1,2016-8-1,2016-8-1,2016-8-1,filing,2016-8-1,,
2nd,2016-8-1,2013-6-01,2009-7-01,2016-8-1,2016-8-1,filing,2016-8-1,,
3rd,2016-8-1,2015-5-01,2005-7-01,2016-8-1,2013-1-01,filing,2016-8-1,,
Other Workers,2016-8-1,2009-8-01,2005-7-01,2016-8-1,2013-1-01,filing,2016-8-1,,
4th,2016-8-1,2016-8-1,2016-8-1,2016-8-1,2016-8-1,filing,2016-8-1,,
Religious Workers,2016-8-1,2016-8-1,2016-8-1,2016-8-1,2016-8-1,filing,2016-8-1,,
5th non-regional,2016-8-1,2015-5-01,2016-8-1,2016-8-1,2016-8-1,filing,2016-8-1,,
5th regional,2016-8-1,2015-5-01,2016-8-1,2016-8-1,2016-8-1,filing,2016-8-1,,
1st,2016-9-1,2010-1-01,2010-1-01,2016-9-1,2016-9-1,final,2016-9-1,2016-9-1,
2nd,2014-2-01,2010-1-01,2005-2-22,2014-2-01,2014-2-01,final,2016-9-1,2014-2-01,
3rd,2016-5-01,2010-1-01,2005-2-15,2016-5-01,2010-7-01,final,2016-9-1,2016-5-01,
Other Workers,2016-5-01,2004-1-01,2005-2-15,2016-5-01,2010-7-01,final,2016-9-1,2016-5-01,
4th,2016-9-1,2016-9-1,2010-1-01,2010-1-01,2016-9-1,final,2016-9-1,2010-1-01,
Religious Workers,2016-9-1,2016-9-1,2010-1-01,2010-1-01,2016-9-1,final,2016-9-1,2010-1-01,
5th non-regional,2016-9-1,2014-2-15,2016-9-1,2016-9-1,2016-9-1,final,2016-9-1,2016-9-1,
5th regional,2016-9-1,2014-2-15,2016-9-1,2016-9-1,2016-9-1,final,2016-9-1,2016-9-1,
1st,2016-9-1,2016-9-1,2016-9-1,2016-9-1,2016-9-1,filing,2016-9-1,,
2nd,2016-9-1,2013-6-01,2009-7-01,2016-9-1,2016-9-1,filing,2016-9-1,,
3rd,2016-9-1,2015-5-01,2005-7-01,2016-9-1,2013-1-01,filing,2016-9-1,,
Other Workers,2016-9-1,2009-8-01,2005-7-01,2016-9-1,2013-1-01,filing,2016-9-1,,
4th,2016-9-1,2016-9-1,2016-9-1,2016-9-1,2016-9-1,filing,2016-9-1,,
Religious Workers,2016-9-1,2016-9-1,2016-9-1,2016-9-1,2016-9-1,filing,2016-9-1,,
5th non-regional,2016-9-1,2015-5-01,2016-9-1,2016-9-1,2016-9-1,filing,2016-9-1,,
5th regional,2016-9-1,2015-5-01,2016-9-1,2016-9-1,2016-9-1,filing,2016-9-1,,
1st,2016-10-1,2016-10-1,2016-10-1,2016-10-1,2016-10-1,final,2016-10-1,2016-10-1,
2nd,2016-10-1,2012-2-15,2007-1-15,2016-10-1,2016-10-1,final,2016-10-1,2016-10-1,
3rd,2016-6-01,2013-1-22,2005-3-01,2016-6-01,2010-12-01,final,2016-10-1,2016-6-01,
Other Workers,2016-6-01,2005-1-01,2005-3-01,2016-6-01,2010-12-01,final,2016-10-1,2016-6-01,
4th,2016-10-1,2016-10-1,2016-10-1,2016-10-1,2016-10-1,final,2016-10-1,2015-6-15,
Religious Workers,,,,,,final,2016-10-1,,
5th non-regional,2016-10-1,2014-2-22,2016-10-1,2016-10-1,2016-10-1,final,2016-10-1,2016-10-1,
5th regional,,,,,,final,2016-10-1,,
1st,2016-10-1,2016-10-1,2016-10-1,2016-10-1,2016-10-1,filing,2016-10-1,,
2nd,2016-10-1,2013-3-01,2009-4-22,2016-10-1,2016-10-1,filing,2016-10-1,,
3rd,2016-10-1,2014-5-01,2005-7-01,2016-10-1,2013-9-01,filing,2016-10-1,,
Other Workers,2016-10-1,2009-8-01,2005-7-01,2016-10-1,2013-9-01,filing,2016-10-1,,
4th,2016-10-1,2016-10-1,2016-10-1,2016-10-1,2016-10-1,filing,2016-10-1,,
Religious Workers,2016-10-1,2016-10-1,2016-10-1,2016-10-1,2016-10-1,filing,2016-10-1,,
5th non-regional,2016-10-1,2014-6-15,2016-10-1,2016-10-1,2016-10-1,filing,2016-10-1,,
5th regional,2016-10-1,2014-6-15,2016-10-1,2016-10-1,2016-10-1,filing,2016-10-1,,
1st,2016-11-1,2016-11-1,2016-11-1,2016-11-1,2016-11-1,final,2016-11-1,2016-11-1,
2nd,2016-11-1,2012-7-15,2007-11-01,2016-11-1,2016-11-1,final,2016-11-1,2016-11-1,
3rd,2016-7-01,2013-4-15,2005-3-08,2016-7-01,2011-4-01,final,2016-11-1,2016-7-01,
Other Workers,2016-7-01,2005-9-01,2005-3-08,2016-7-01,2011-4-01,final,2016-11-1,2016-7-01,
4th,2016-11-1,2016-11-1,2016-11-1,2016-11-1,2016-11-1,final,2016-11-1,2015-7-15,
Religious Workers,2016-11-1,2016-11-1,2016-11-1,2016-11-1,2016-11-1,final,2016-11-1,2015-7-15,
5th non-regional,2016-11-1,2014-3-08,2016-11-1,2016-11-1,2016-11-1,final,2016-11-1,2016-11-1,
5th regional,2016-11-1,2014-3-08,2016-11-1,2016-11-1,2016-11-1,final,2016-11-1,2016-11-1,
1st,2016-11-1,2016-11-1,2016-11-1,2016-11-1,2016-11-1,filing,2016-11-1,,
2nd,2016-11-1,2013-3-01,2009-4-22,2016-11-1,2016-11-1,filing,2016-11-1,,
3rd,2016-11-1,2014-5-01,2005-7-01,2016-11-1,2013-9-01,filing,2016-11-1,,
Other Workers,2016-11-1,2009-8-01,2005-7-01,2016-11-1,2013-9-01,filing,2016-11-1,,
4th,2016-11-1,2016-11-1,2016-11-1,2016-11-1,2016-11-1,filing,2016-11-1,,
Religious Workers,2016-11-1,2016-11-1,2016-11-1,2016-11-1,2016-11-1,filing,2016-11-1,,
5th non-regional,2016-11-1,2014-6-15,2016-11-1,2016-11-1,2016-11-1,filing,2016-11-1,,
5th regional,2016-11-1,2014-6-15,2016-11-1,2016-11-1,2016-11-1,filing,2016-11-1,,
1st,2016-12-1,2016-12-1,2016-12-1,2016-12-1,2016-12-1,final,2016-12-1,2016-12-1,
2nd,2016-12-1,2012-9-22,2008-2-01,2016-12-1,2016-12-1,final,2016-12-1,2016-12-1,
3rd,2016-7-01,2013-7-01,2005-3-15,2016-7-01,2011-6-01,final,2016-12-1,2016-7-01,
Other Workers,2016-7-01,2005-11-01,2005-3-15,2016-7-01,2011-6-01,final,2016-12-1,2016-7-01,
4th,2016-12-1,2016-12-1,2016-12-1,2015-7-15,2016-12-1,final,2016-12-1,2015-7-15,
Religious Workers,2016-12-1,2016-12-1,2016-12-1,2015-7-15,2016-12-1,final,2016-12-1,2015-7-15,
5th non-regional,2016-12-1,2014-3-22,2016-12-1,2016-12-1,2016-12-1,final,2016-12-1,2016-12-1,
5th regional,2016-12-1,2014-3-22,2016-12-1,2016-12-1,2016-12-1,final,2016-12-1,2016-12-1,
1st,2016-12-1,2016-12-1,2016-12-1,2016-12-1,2016-12-1,filing,2016-12-1,,
2nd,2016-12-1,2013-3-01,2009-4-22,2016-12-1,2016-12-1,filing,2016-12-1,,
3rd,2016-12-1,2014-5-01,2005-7-01,2016-12-1,2013-9-01,filing,2016-12-1,,
Other Workers,2016-12-1,2009-8-01,2005-7-01,2016-12-1,2013-9-01,filing,2016-12-1,,
4th,2016-12-1,2016-12-1,2016-12-1,2016-12-1,2016-12-1,filing,2016-12-1,,
Religious Workers,2016-12-1,2016-12-1,2016-12-1,2016-12-1,2016-12-1,filing,2016-12-1,,
5th non-regional,2016-12-1,2014-6-15,2016-12-1,2016-12-1,2016-12-1,filing,2016-12-1,,
5th regional,2016-12-1,2014-6-15,2016-12-1,2016-12-1,2016-12-1,filing,2016-12-1,,
1st,2017-1-1,2017-1-1,2017-1-1,2017-1-1,2017-1-1,final,2017-1-1,2017-1-1,
2nd,2017-1-1,2012-10-15,2008-4-15,2017-1-1,2017-1-1,final,2017-1-1,2017-1-1,
3rd,2016-8-01,2013-9-08,2005-3-15,2016-8-01,2011-7-22,final,2017-1-1,2016-8-01,
Other Workers,2016-8-01,2005-12-01,2005-3-15,2016-8-01,2011-7-22,final,2017-1-1,2016-8-01,
4th,2017-1-1,2017-1-1,2017-1-1,2015-7-15,2017-1-1,final,2017-1-1,2015-7-15,
Religious Workers,2017-1-1,2017-1-1,2017-1-1,2015-7-15,2017-1-1,final,2017-1-1,2015-7-15,
5th non-regional,2017-1-1,2014-4-08,2017-1-1,2017-1-1,2017-1-1,final,2017-1-1,2017-1-1,
5th regional,2017-1-1,2014-4-08,2017-1-1,2017-1-1,2017-1-1,final,2017-1-1,2017-1-1,
1st,2017-1-1,2017-1-1,2017-1-1,2017-1-1,2017-1-1,filing,2017-1-1,,
2nd,2017-1-1,2013-3-01,2009-4-22,2017-1-1,2017-1-1,filing,2017-1-1,,
3rd,2017-1-1,2014-5-01,2005-7-01,2017-1-1,2013-9-01,filing,2017-1-1,,
Other Workers,2017-1-1,2009-8-01,2005-7-01,2017-1-1,2013-9-01,filing,2017-1-1,,
4th,2017-1-1,2017-1-1,2017-1-1,2017-1-1,2017-1-1,filing,2017-1-1,,
Religious Workers,2017-1-1,2017-1-1,2017-1-1,2017-1-1,2017-1-1,filing,2017-1-1,,
5th non-regional,2017-1-1,2014-6-15,2017-1-1,2017-1-1,2017-1-1,filing,2017-1-1,,
5th regional,2017-1-1,2014-6-15,2017-1-1,2017-1-1,2017-1-1,filing,2017-1-1,,
1st,2017-2-1,2017-2-1,2017-2-1,2017-2-1,2017-2-1,final,2017-2-1,2017-2-1,
2nd,2017-2-1,2012-11-15,2008-4-15,2017-2-1,2017-2-1,final,2017-2-1,2017-2-1,
3rd,2016-10-01,2013-10-01,2005-3-22,2016-10-01,2011-10-15,final,2017-2-1,2016-10-01,
Other Workers,2016-10-01,2005-12-01,2005-3-22,2016-10-01,2011-10-15,final,2017-2-1,2016-10-01,
4th,2017-2-1,2017-2-1,2017-2-1,2015-7-15,2017-2-1,final,2017-2-1,2015-7-15,
Religious Workers,2017-2-1,2017-2-1,2017-2-1,2015-7-15,2017-2-1,final,2017-2-1,2015-7-15,
5th non-regional,2017-2-1,2014-4-15,2017-2-1,2017-2-1,2017-2-1,final,2017-2-1,2017-2-1,
5th regional,2017-2-1,2014-4-15,2017-2-1,2017-2-1,2017-2-1,final,2017-2-1,2017-2-1,
1st,2017-2-1,2017-2-1,2017-2-1,2017-2-1,2017-2-1,filing,2017-2-1,,
2nd,2017-2-1,2013-3-01,2009-4-22,2017-2-1,2017-2-1,filing,2017-2-1,,
3rd,2017-2-1,2014-5-01,2005-7-01,2017-2-1,2013-9-01,filing,2017-2-1,,
Other Workers,2017-2-1,2009-8-01,2005-7-01,2017-2-1,2013-9-01,filing,2017-2-1,,
4th,2017-2-1,2017-2-1,2017-2-1,2017-2-1,2017-2-1,filing,2017-2-1,,
Religious Workers,2017-2-1,2017-2-1,2017-2-1,2017-2-1,2017-2-1,filing,2017-2-1,,
5th non-regional,2017-2-1,2014-6-15,2017-2-1,2017-2-1,2017-2-1,filing,2017-2-1,,
5th regional,2017-2-1,2014-6-15,2017-2-1,2017-2-1,2017-2-1,filing,2017-2-1,,
1st,2017-3-1,2017-3-1,2017-3-1,2017-3-1,2017-3-1,final,2017-3-1,2017-3-1,
2nd,2017-3-1,2012-12-15,2008-6-01,2017-3-1,2017-3-1,final,2017-3-1,2017-3-1,
3rd,2016-12-01,2014-3-15,2005-3-22,2016-12-01,2012-3-15,final,2017-3-1,2016-12-01,
Other Workers,2016-12-01,2006-2-01,2005-3-22,2016-12-01,2012-3-15,final,2017-3-1,2016-12-01,
4th,2017-3-1,2017-3-1,2017-3-1,2015-7-15,2017-3-1,final,2017-3-1,2015-7-15,
Religious Workers,2017-3-1,2017-3-1,2017-3-1,2015-7-15,2017-3-1,final,2017-3-1,2015-7-15,
5th non-regional,2017-3-1,2014-5-01,2017-3-1,2017-3-1,2017-3-1,final,2017-3-1,2017-3-1,
5th regional,2017-3-1,2014-5-01,2017-3-1,2017-3-1,2017-3-1,final,2017-3-1,2017-3-1,
1st,2017-3-1,2017-3-1,2017-3-1,2017-3-1,2017-3-1,filing,2017-3-1,,
2nd,2017-3-1,2013-3-01,2009-4-22,2017-3-1,2017-3-1,filing,2017-3-1,,
3rd,2017-3-1,2014-5-01,2005-7-01,2017-3-1,2013-9-01,filing,2017-3-1,,
Other Workers,2017-3-1,2009-8-01,2005-7-01,2017-3-1,2013-9-01,filing,2017-3-1,,
4th,2017-3-1,2017-3-1,2017-3-1,2017-3-1,2017-3-1,filing,2017-3-1,,
Religious Workers,2017-3-1,2017-3-1,2017-3-1,2017-3-1,2017-3-1,filing,2017-3-1,,
5th non-regional,2017-3-1,2014-6-15,2017-3-1,2017-3-1,2017-3-1,filing,2017-3-1,,
5th regional,2017-3-1,2014-6-15,2017-3-1,2017-3-1,2017-3-1,filing,2017-3-1,,
1st,2017-4-1,2017-4-1,2017-4-1,2017-4-1,2017-4-1,final,2017-4-1,2017-4-1,
2nd,2017-4-1,2013-1-15,2008-6-22,2017-4-1,2017-4-1,final,2017-4-1,2017-4-1,
3rd,2017-2-15,2014-8-15,2005-3-24,2017-2-15,2012-9-15,final,2017-4-1,2017-2-15,
Other Workers,2017-2-15,2006-3-01,2005-3-24,2017-2-15,2012-9-15,final,2017-4-1,2017-2-15,
4th,2017-4-1,2017-4-1,2017-4-1,2015-7-15,2017-4-1,final,2017-4-1,2015-7-15,
Religious Workers,2017-4-1,2017-4-1,2017-4-1,2015-7-15,2017-4-1,final,2017-4-1,2015-7-15,
5th non-regional,2017-4-1,2014-5-22,2017-4-1,2017-4-1,2017-4-1,final,2017-4-1,2017-4-1,
5th regional,2017-4-1,2014-5-22,2017-4-1,2017-4-1,2017-4-1,final,2017-4-1,2017-4-1,
1st,2017-4-1,2017-4-1,2017-4-1,2017-4-1,2017-4-1,filing,2017-4-1,,
2nd,2017-4-1,2013-3-01,2009-4-22,2017-4-1,2017-4-1,filing,2017-4-1,,
3rd,2017-4-1,2014-5-01,2005-7-01,2017-4-1,2013-9-01,filing,2017-4-1,,
Other Workers,2017-4-1,2009-8-01,2005-7-01,2017-4-1,2013-9-01,filing,2017-4-1,,
4th,2017-4-1,2017-4-1,2017-4-1,2017-4-1,2017-4-1,filing,2017-4-1,,
Religious Workers,2017-4-1,2017-4-1,2017-4-1,2017-4-1,2017-4-1,filing,2017-4-1,,
5th non-regional,2017-4-1,2014-6-15,2017-4-1,2017-4-1,2017-4-1,filing,2017-4-1,,
5th regional,2017-4-1,2014-6-15,2017-4-1,2017-4-1,2017-4-1,filing,2017-4-1,,
1st,2017-5-1,2017-5-1,2017-5-1,2017-5-1,2017-5-1,final,2017-5-1,2017-5-1,
2nd,2017-5-1,2013-2-08,2008-6-22,2017-5-1,2017-5-1,final,2017-5-1,2017-5-1,
3rd,2017-3-15,2014-10-01,2005-3-25,2017-3-15,2013-1-01,final,2017-5-1,2017-3-15,
Other Workers,2017-3-15,2006-3-08,2005-3-25,2017-3-15,2013-1-01,final,2017-5-1,2017-3-15,
4th,2017-5-1,2017-5-1,2017-5-1,2015-7-15,2017-5-1,final,2017-5-1,2015-7-15,
Religious Workers,,,,,,final,2017-5-1,,
5th non-regional,2017-5-1,2014-6-01,2017-5-1,2017-5-1,2017-5-1,final,2017-5-1,2017-5-1,
5th regional,,,,,,final,2017-5-1,,
1st,2017-5-1,2017-5-1,2017-5-1,2017-5-1,2017-5-1,filing,2017-5-1,,
2nd,2017-5-1,2013-10-01,2009-2-01,2017-5-1,2017-5-1,filing,2017-5-1,,
3rd,2017-5-1,2015-9-01,2006-4-22,2017-5-1,2014-7-01,filing,2017-5-1,,
Other Workers,2017-5-1,2008-6-01,2006-4-22,2017-5-1,2014-7-01,filing,2017-5-1,,
4th,2017-5-1,2017-5-1,2017-5-1,2017-5-1,2017-5-1,filing,2017-5-1,,
Religious Workers,2017-5-1,2017-5-1,2017-5-1,2017-5-1,2017-5-1,filing,2017-5-1,,
5th non-regional,2017-5-1,2014-9-01,2017-5-1,2017-5-1,2017-5-1,filing,2017-5-1,,
5th regional,2017-5-1,2014-9-01,2017-5-1,2017-5-1,2017-5-1,filing,2017-5-1,,
1st,2017-6-1,2012-1-01,2012-1-01,2017-6-1,2017-6-1,final,2017-6-1,2017-6-1,
2nd,2017-6-1,2013-3-01,2008-7-01,2017-6-1,2017-6-1,final,2017-6-1,2017-6-1,
3rd,2017-4-15,2014-10-01,2005-5-15,2017-4-15,2013-5-01,final,2017-6-1,2017-4-15,
Other Workers,2017-4-15,2006-7-15,2005-5-15,2017-4-15,2013-5-01,final,2017-6-1,2017-4-15,
4th,2017-6-1,2017-6-1,2017-6-1,2015-7-15,2017-6-1,final,2017-6-1,2015-7-15,
Religious Workers,2017-6-1,2017-6-1,2017-6-1,2015-7-15,2017-6-1,final,2017-6-1,2015-7-15,
5th non-regional,2017-6-1,2014-6-08,2017-6-1,2017-6-1,2017-6-1,final,2017-6-1,2017-6-1,
5th regional,2017-6-1,2014-6-08,2017-6-1,2017-6-1,2017-6-1,final,2017-6-1,2017-6-1,
1st,2017-6-1,2017-6-1,2017-6-1,2017-6-1,2017-6-1,filing,2017-6-1,,
2nd,2017-6-1,2013-10-01,2009-2-01,2017-6-1,2017-6-1,filing,2017-6-1,,
3rd,2017-6-1,2015-9-01,2006-4-22,2017-6-1,2014-7-01,filing,2017-6-1,,
Other Workers,2017-6-1,2008-6-01,2006-4-22,2017-6-1,2014-7-01,filing,2017-6-1,,
4th,2017-6-1,2017-6-1,2017-6-1,2017-6-1,2017-6-1,filing,2017-6-1,,
Religious Workers,2017-6-1,2017-6-1,2017-6-1,2017-6-1,2017-6-1,filing,2017-6-1,,
5th non-regional,2017-6-1,2014-9-01,2017-6-1,2017-6-1,2017-6-1,filing,2017-6-1,,
5th regional,2017-6-1,2014-9-01,2017-6-1,2017-6-1,2017-6-1,filing,2017-6-1,,
1st,2017-7-1,2012-1-01,2012-1-01,2017-7-1,2017-7-1,final,2017-7-1,2017-7-1,
2nd,2017-7-1,2013-3-22,2008-7-22,2017-7-1,2017-7-1,final,2017-7-1,2017-7-1,
3rd,2017-6-08,2012-1-01,2006-2-15,2017-6-08,2014-5-15,final,2017-7-1,2017-6-08,
Other Workers,2017-6-08,2006-7-15,2006-2-15,2017-6-08,2014-5-15,final,2017-7-1,2017-6-08,
4th,2017-7-1,2017-7-1,2015-8-15,2015-8-15,2017-7-1,final,2017-7-1,2015-8-15,
Religious Workers,2017-7-1,2017-7-1,2015-8-15,2015-8-15,2017-7-1,final,2017-7-1,2015-8-15,
5th non-regional,2017-7-1,2014-6-08,2017-7-1,2017-7-1,2017-7-1,final,2017-7-1,2017-7-1,
5th regional,2017-7-1,2014-6-08,2017-7-1,2017-7-1,2017-7-1,final,2017-7-1,2017-7-1,
1st,2017-7-1,2017-7-1,2017-7-1,2017-7-1,2017-7-1,filing,2017-7-1,,
2nd,2017-7-1,2013-10-01,2009-2-01,2017-7-1,2017-7-1,filing,2017-7-1,,
3rd,2017-7-1,2015-9-01,2006-10-01,2017-7-1,2015-7-01,filing,2017-7-1,,
Other Workers,2017-7-1,2008-6-01,2006-10-01,2017-7-1,2015-7-01,filing,2017-7-1,,
4th,2017-7-1,2017-7-1,2017-7-1,2017-7-1,2017-7-1,filing,2017-7-1,,
Religious Workers,2017-7-1,2017-7-1,2017-7-1,2017-7-1,2017-7-1,filing,2017-7-1,,
5th non-regional,2017-7-1,2014-9-01,2017-7-1,2017-7-1,2017-7-1,filing,2017-7-1,,
5th regional,2017-7-1,2014-9-01,2017-7-1,2017-7-1,2017-7-1,filing,2017-7-1,,
1st,2017-8-1,2012-1-01,2012-1-01,2017-8-1,2017-8-1,final,2017-8-1,2017-8-1,
2nd,2015-4-01,2013-4-22,2008-7-22,2015-4-01,2015-4-01,final,2017-8-1,2015-4-01,
3rd,2017-8-1,2012-1-01,2006-7-15,2017-8-1,2015-6-01,final,2017-8-1,2017-8-1,
Other Workers,2017-8-1,2004-1-01,2006-7-15,2017-8-1,2015-6-01,final,2017-8-1,2017-8-1,
4th,2017-8-1,2017-8-1,2015-9-15,2015-9-15,2017-8-1,final,2017-8-1,2015-9-15,
Religious Workers,2017-8-1,2017-8-1,2015-9-15,2015-9-15,2017-8-1,final,2017-8-1,2015-9-15,
5th non-regional,2017-8-1,2014-6-15,2017-8-1,2017-8-1,2017-8-1,final,2017-8-1,2017-8-1,
5th regional,2017-8-1,2014-6-15,2017-8-1,2017-8-1,2017-8-1,final,2017-8-1,2017-8-1,
1st,2017-8-1,2017-8-1,2017-8-1,2017-8-1,2017-8-1,filing,2017-8-1,,
2nd,2017-8-1,2013-10-01,2009-2-01,2017-8-1,2017-8-1,filing,2017-8-1,,
3rd,2017-8-1,2015-9-01,2007-1-01,2017-8-1,2016-1-01,filing,2017-8-1,,
Other Workers,2017-8-1,2008-6-01,2007-1-01,2017-8-1,2016-1-01,filing,2017-8-1,,
4th,2017-8-1,2017-8-1,2017-8-1,2017-8-1,2017-8-1,filing,2017-8-1,,
Religious Workers,2017-8-1,2017-8-1,2017-8-1,2017-8-1,2017-8-1,filing,2017-8-1,,
5th non-regional,2017-8-1,2014-9-01,2017-8-1,2017-8-1,2017-8-1,filing,2017-8-1,,
5th regional,2017-8-1,2014-9-01,2017-8-1,2017-8-1,2017-8-1,filing,2017-8-1,,
1st,2017-9-1,2012-1-01,2012-1-01,2017-9-1,2017-9-1,final,2017-9-1,2017-9-1,
2nd,2016-1-01,2013-5-15,2008-8-22,2016-1-01,2016-1-01,final,2017-9-1,2016-1-01,
3rd,2017-9-1,2012-1-01,2006-10-15,2017-9-1,2015-11-01,final,2017-9-1,2017-9-1,
Other Workers,2017-9-1,2004-1-01,2006-10-15,2017-9-1,2015-11-01,final,2017-9-1,2017-9-1,
4th,2017-9-1,2017-9-1,2015-10-22,2015-10-22,2017-9-1,final,2017-9-1,2015-10-22,
Religious Workers,2017-9-1,2017-9-1,2015-10-22,2015-10-22,2017-9-1,final,2017-9-1,2015-10-22,
5th non-regional,2017-9-1,2014-6-15,2017-9-1,2017-9-1,2017-9-1,final,2017-9-1,2017-9-1,
5th regional,2017-9-1,2014-6-15,2017-9-1,2017-9-1,2017-9-1,final,2017-9-1,2017-9-1,
1st,2017-9-1,2017-9-1,2017-9-1,2017-9-1,2017-9-1,filing,2017-9-1,,
2nd,2017-9-1,2013-10-01,2009-2-01,2017-9-1,2017-9-1,filing,2017-9-1,,
3rd,2017-9-1,2015-9-01,2007-1-01,2017-9-1,2016-1-01,filing,2017-9-1,,
Other Workers,2017-9-1,2008-6-01,2007-1-01,2017-9-1,2016-1-01,filing,2017-9-1,,
4th,2017-9-1,2017-9-1,2017-9-1,2017-9-1,2017-9-1,filing,2017-9-1,,
Religious Workers,2017-9-1,2017-9-1,2017-9-1,2017-9-1,2017-9-1,filing,2017-9-1,,
5th non-regional,2017-9-1,2014-9-01,2017-9-1,2017-9-1,2017-9-1,filing,2017-9-1,,
5th regional,2017-9-1,2014-9-01,2017-9-1,2017-9-1,2017-9-1,filing,2017-9-1,,
1st,2017-10-1,2017-10-1,2017-10-1,2017-10-1,2017-10-1,final,2017-10-1,2017-10-1,
2nd,2017-10-1,2013-5-22,2008-9-15,2017-10-1,2017-10-1,final,2017-10-1,2017-10-1,
3rd,2017-10-1,2014-1-01,2006-10-15,2017-10-1,2015-12-01,final,2017-10-1,2017-10-1,
Other Workers,2017-10-1,2006-1-01,2006-10-15,2017-10-1,2015-12-01,final,2017-10-1,2017-10-1,
4th,2017-10-1,2017-10-1,2017-10-1,2016-3-01,2017-10-1,final,2017-10-1,2015-11-01,
Religious Workers,2017-10-1,2017-10-1,2017-10-1,2016-3-01,2017-10-1,final,2017-10-1,2015-11-01,
5th non-regional,2017-10-1,2014-6-22,2017-10-1,2017-10-1,2017-10-1,final,2017-10-1,2017-10-1,
5th regional,2017-10-1,2014-6-22,2017-10-1,2017-10-1,2017-10-1,final,2017-10-1,2017-10-1,
1st,2017-10-1,2017-10-1,2017-10-1,2017-10-1,2017-10-1,filing,2017-10-1,2017-10-1,
2nd,2017-10-1,2013-11-15,2009-2-08,2017-10-1,2017-10-1,filing,2017-10-1,2017-10-1,
3rd,2017-10-1,2015-9-01,2008-1-01,2017-10-1,2016-8-01,filing,2017-10-1,2017-10-1,
Other Workers,2017-10-1,2008-6-01,2008-1-01,2017-10-1,2016-8-01,filing,2017-10-1,2017-10-1,
4th,2017-10-1,2017-10-1,2017-10-1,2017-10-1,2017-10-1,filing,2017-10-1,2016-4-15,
Religious Workers,2017-10-1,2017-10-1,2017-10-1,2017-10-1,2017-10-1,filing,2017-10-1,2016-4-15,
5th non-regional,2017-10-1,2014-10-01,2017-10-1,2017-10-1,2017-10-1,filing,2017-10-1,2017-10-1,
5th regional,2017-10-1,2014-10-01,2017-10-1,2017-10-1,2017-10-1,filing,2017-10-1,2017-10-1,
1st,2017-11-1,2017-11-1,2017-11-1,2017-11-1,2017-11-1,final,2017-11-1,2017-11-1,
2nd,2017-11-1,2013-6-15,2008-10-08,2017-11-1,2017-11-1,final,2017-11-1,2017-11-1,
3rd,2017-11-1,2014-2-01,2006-10-15,2017-11-1,2016-1-15,final,2017-11-1,2017-11-1,
Other Workers,2017-11-1,2006-4-01,2006-10-15,2017-11-1,2016-1-15,final,2017-11-1,2017-11-1,
4th,2017-11-1,2017-11-1,2017-11-1,2016-4-01,2017-11-1,final,2017-11-1,2015-11-01,
Religious Workers,2017-11-1,2017-11-1,2017-11-1,2016-4-01,2017-11-1,final,2017-11-1,2015-11-01,
5th non-regional,2017-11-1,2014-7-01,2017-11-1,2017-11-1,2017-11-1,final,2017-11-1,2017-11-1,
5th regional,2017-11-1,2014-7-01,2017-11-1,2017-11-1,2017-11-1,final,2017-11-1,2017-11-1,
1st,2017-11-1,2017-11-1,2017-11-1,2017-11-1,2017-11-1,filing,2017-11-1,2017-11-1,
2nd,2017-11-1,2013-11-15,2009-2-08,2017-11-1,2017-11-1,filing,2017-11-1,2017-11-1,
3rd,2017-11-1,2015-9-01,2008-1-01,2017-11-1,2016-8-01,filing,2017-11-1,2017-11-1,
Other Workers,2017-11-1,2008-6-01,2008-1-01,2017-11-1,2016-8-01,filing,2017-11-1,2017-11-1,
4th,2017-11-1,2017-11-1,2017-11-1,2017-11-1,2017-11-1,filing,2017-11-1,2016-4-15,
Religious Workers,2017-11-1,2017-11-1,2017-11-1,2017-11-1,2017-11-1,filing,2017-11-1,2016-4-15,
5th non-regional,2017-11-1,2014-10-01,2017-11-1,2017-11-1,2017-11-1,filing,2017-11-1,2017-11-1,
5th regional,2017-11-1,2014-10-01,2017-11-1,2017-11-1,2017-11-1,filing,2017-11-1,2017-11-1,
1st,2017-12-1,2017-12-1,2017-12-1,2017-12-1,2017-12-1,final,2017-12-1,2017-12-1,
2nd,2017-12-1,2013-7-01,2008-11-01,2017-12-1,2017-12-1,final,2017-12-1,2017-12-1,
3rd,2017-12-1,2014-3-08,2006-10-15,2017-12-1,2016-1-15,final,2017-12-1,2017-12-1,
Other Workers,2017-12-1,2006-7-01,2006-10-15,2017-12-1,2016-1-15,final,2017-12-1,2017-12-1,
4th,2017-12-1,2017-12-1,2017-12-1,2016-4-22,2017-12-1,final,2017-12-1,2015-11-08,
Religious Workers,2017-12-1,2017-12-1,2017-12-1,2016-4-22,2017-12-1,final,2017-12-1,2015-11-08,
5th non-regional,2017-12-1,2014-7-15,2017-12-1,2017-12-1,2017-12-1,final,2017-12-1,2017-12-1,
5th regional,2017-12-1,2014-7-15,2017-12-1,2017-12-1,2017-12-1,final,2017-12-1,2017-12-1,
1st,2017-12-1,2017-12-1,2017-12-1,2017-12-1,2017-12-1,filing,2017-12-1,2017-12-1,
2nd,2017-12-1,2013-11-15,2009-2-08,2017-12-1,2017-12-1,filing,2017-12-1,2017-12-1,
3rd,2017-12-1,2015-9-01,2008-1-01,2017-12-1,2016-8-01,filing,2017-12-1,2017-12-1,
Other Workers,2017-12-1,2008-6-01,2008-1-01,2017-12-1,2016-8-01,filing,2017-12-1,2017-12-1,
4th,2017-12-1,2017-12-1,2017-12-1,2017-12-1,2017-12-1,filing,2017-12-1,2016-4-15,
Religious Workers,2017-12-1,2017-12-1,2017-12-1,2017-12-1,2017-12-1,filing,2017-12-1,2016-4-15,
5th non-regional,2017-12-1,2014-10-01,2017-12-1,2017-12-1,2017-12-1,filing,2017-12-1,2017-12-1,
5th regional,2017-12-1,2014-10-01,2017-12-1,2017-12-1,2017-12-1,filing,2017-12-1,2017-12-1,
1st,2018-1-1,2018-1-1,2018-1-1,2018-1-1,2018-1-1,final,2018-1-1,2018-1-1,
2nd,2018-1-1,2013-8-08,2008-11-22,2018-1-1,2018-1-1,final,2018-1-1,2018-1-1,
3rd,2018-1-1,2014-4-15,2006-11-01,2018-1-1,2016-2-15,final,2018-1-1,2018-1-1,
Other Workers,2018-1-1,2006-12-22,2006-11-01,2018-1-1,2016-2-15,final,2018-1-1,2018-1-1,
4th,2018-1-1,2018-1-1,2018-1-1,2016-6-01,2018-1-1,final,2018-1-1,2015-12-01,
Religious Workers,,,,,,final,2018-1-1,,
5th non-regional,2018-1-1,2014-7-22,2018-1-1,2018-1-1,2018-1-1,final,2018-1-1,2018-1-1,
5th regional,,,,,,final,2018-1-1,,
1st,2018-1-1,2018-1-1,2018-1-1,2018-1-1,2018-1-1,filing,2018-1-1,2018-1-1,
2nd,2018-1-1,2013-11-15,2009-2-08,2018-1-1,2018-1-1,filing,2018-1-1,2018-1-1,
3rd,2018-1-1,2015-9-01,2008-1-01,2018-1-1,2016-8-01,filing,2018-1-1,2018-1-1,
Other Workers,2018-1-1,2008-6-01,2008-1-01,2018-1-1,2016-8-01,filing,2018-1-1,2018-1-1,
4th,2018-1-1,2018-1-1,2018-1-1,2018-1-1,2018-1-1,filing,2018-1-1,2016-4-15,
Religious Workers,2018-1-1,2018-1-1,2018-1-1,2018-1-1,2018-1-1,filing,2018-1-1,2016-4-15,
5th non-regional,2018-1-1,2014-10-01,2018-1-1,2018-1-1,2018-1-1,filing,2018-1-1,2018-1-1,
5th regional,2018-1-1,2014-10-01,2018-1-1,2018-1-1,2018-1-1,filing,2018-1-1,2018-1-1,
1st,2018-2-1,2018-2-1,2018-2-1,2018-2-1,2018-2-1,final,2018-2-1,2018-2-1,
2nd,2018-2-1,2013-10-01,2008-12-08,2018-2-1,2018-2-1,final,2018-2-1,2018-2-1,
3rd,2018-2-1,2014-9-15,2006-12-01,2018-2-1,2016-3-01,final,2018-2-1,2018-2-1,
Other Workers,2018-2-1,2007-2-01,2006-12-01,2018-2-1,2016-3-01,final,2018-2-1,2018-2-1,
4th,2018-2-1,2018-2-1,2018-2-1,2016-6-22,2018-2-1,final,2018-2-1,2015-12-01,
Religious Workers,,,,,,final,2018-2-1,,
5th non-regional,2018-2-1,2014-7-22,2018-2-1,2018-2-1,2018-2-1,final,2018-2-1,2018-2-1,
5th regional,,,,,,final,2018-2-1,,
1st,2018-2-1,2018-2-1,2018-2-1,2018-2-1,2018-2-1,filing,2018-2-1,2018-2-1,
2nd,2018-2-1,2014-11-15,2009-2-08,2018-2-1,2018-2-1,filing,2018-2-1,2018-2-1,
3rd,2018-2-1,2016-1-01,2008-1-01,2018-2-1,2016-8-01,filing,2018-2-1,2018-2-1,
Other Workers,2018-2-1,2008-6-01,2008-1-01,2018-2-1,2016-8-01,filing,2018-2-1,2018-2-1,
4th,2018-2-1,2018-2-1,2018-2-1,2018-2-1,2018-2-1,filing,2018-2-1,2016-4-15,
Religious Workers,2018-2-1,2018-2-1,2018-2-1,2018-2-1,2018-2-1,filing,2018-2-1,2016-4-15,
5th non-regional,2018-2-1,2014-9-01,2018-2-1,2018-2-1,2018-2-1,filing,2018-2-1,2018-2-1,
5th regional,2018-2-1,2014-9-01,2018-2-1,2018-2-1,2018-2-1,filing,2018-2-1,2018-2-1,
1st,2018-3-1,2018-3-1,2018-3-1,2018-3-1,2018-3-1,final,2018-3-1,2018-3-1,
2nd,2018-3-1,2013-12-08,2008-12-15,2018-3-1,2018-3-1,final,2018-3-1,2018-3-1,
3rd,2018-3-1,2014-11-15,2007-1-01,2018-3-1,2016-5-01,final,2018-3-1,2018-3-1,
Other Workers,2018-3-1,2007-3-01,2007-1-01,2018-3-1,2016-5-01,final,2018-3-1,2018-3-1,
4th,2018-3-1,2018-3-1,2018-3-1,2016-7-01,2018-3-1,final,2018-3-1,2015-12-01,
Religious Workers,2018-3-1,2018-3-1,2018-3-1,2016-7-01,2018-3-1,final,2018-3-1,2015-12-01,
5th non-regional,2018-3-1,2014-7-22,2018-3-1,2018-3-1,2018-3-1,final,2018-3-1,2018-3-1,
5th regional,2018-3-1,2014-7-22,2018-3-1,2018-3-1,2018-3-1,final,2018-3-1,2018-3-1,
1st,2018-3-1,2018-3-1,2018-3-1,2018-3-1,2018-3-1,filing,2018-3-1,2018-3-1,
2nd,2018-3-1,2015-2-01,2009-2-08,2018-3-1,2018-3-1,filing,2018-3-1,2018-3-1,
3rd,2018-3-1,2016-1-01,2008-1-01,2018-3-1,2016-10-01,filing,2018-3-1,2018-3-1,
Other Workers,2018-3-1,2008-6-01,2008-1-01,2018-3-1,2016-10-01,filing,2018-3-1,2018-3-1,
4th,2018-3-1,2018-3-1,2018-3-1,2018-3-1,2018-3-1,filing,2018-3-1,2016-4-15,
Religious Workers,2018-3-1,2018-3-1,2018-3-1,2018-3-1,2018-3-1,filing,2018-3-1,2016-4-15,
5th non-regional,2018-3-1,2014-9-01,2018-3-1,2018-3-1,2018-3-1,filing,2018-3-1,2018-3-1,
5th regional,2018-3-1,2014-9-01,2018-3-1,2018-3-1,2018-3-1,filing,2018-3-1,2018-3-1,
1st,2018-4-1,2012-1-01,2012-1-01,2018-4-1,2018-4-1,final,2018-4-1,2018-4-1,
2nd,2018-4-1,2014-8-01,2008-12-22,2018-4-1,2018-4-1,final,2018-4-1,2018-4-1,
3rd,2018-4-1,2015-6-01,2008-2-01,2018-4-1,2017-1-01,final,2018-4-1,2018-4-1,
Other Workers,2018-4-1,2007-4-01,2008-2-01,2018-4-1,2017-1-01,final,2018-4-1,2018-4-1,
4th,2018-4-1,2018-4-1,2018-4-1,2016-8-08,2018-4-1,final,2018-4-1,2015-12-15,
Religious Workers,,,,,,final,2018-4-1,,
5th non-regional,2018-4-1,2014-7-22,2018-4-1,2018-4-1,2018-4-1,final,2018-4-1,2018-4-1,
5th regional,,,,,,final,2018-4-1,,
1st,2018-4-1,2018-4-1,2018-4-1,2018-4-1,2018-4-1,filing,2018-4-1,2018-4-1,
2nd,2018-4-1,2015-2-01,2009-2-08,2018-4-1,2018-4-1,filing,2018-4-1,2018-4-1,
3rd,2018-4-1,2016-1-01,2008-4-01,2018-4-1,2017-7-01,filing,2018-4-1,2018-4-1,
Other Workers,2018-4-1,2008-6-01,2008-4-01,2018-4-1,2017-7-01,filing,2018-4-1,2018-4-1,
4th,2018-4-1,2018-4-1,2018-4-1,2018-4-1,2018-4-1,filing,2018-4-1,2016-4-15,
Religious Workers,2018-4-1,2018-4-1,2018-4-1,2018-4-1,2018-4-1,filing,2018-4-1,2016-4-15,
5th non-regional,2018-4-1,2014-9-01,2018-4-1,2018-4-1,2018-4-1,filing,2018-4-1,2018-4-1,
5th regional,2018-4-1,2014-9-01,2018-4-1,2018-4-1,2018-4-1,filing,2018-4-1,2018-4-1,
1st,2018-5-1,2012-1-01,2012-1-01,2018-5-1,2018-5-1,final,2018-5-1,2018-5-1,2018-5-1
2nd,2018-5-1,2014-9-01,2008-12-22,2018-5-1,2018-5-1,final,2018-5-1,2018-5-1,2018-5-1
3rd,2018-5-1,2015-6-01,2008-5-01,2018-5-1,2017-1-01,final,2018-5-1,2018-5-1,2018-5-1
Other Workers,2018-5-1,2007-5-01,2008-5-01,2018-5-1,2017-1-01,final,2018-5-1,2018-5-1,2018-5-1
4th,2018-5-1,2018-5-1,2018-5-1,2016-10-22,2018-5-1,final,2018-5-1,2015-12-15,2018-5-1
Religious Workers,2018-5-1,2018-5-1,2018-5-1,2016-10-22,2018-5-1,final,2018-5-1,2015-12-15,2018-5-1
5th non-regional,2018-5-1,2014-7-22,2018-5-1,2018-5-1,2018-5-1,final,2018-5-1,2018-5-1,2014-7-22
5th regional,2018-5-1,2014-7-22,2018-5-1,2018-5-1,2018-5-1,final,2018-5-1,2018-5-1,2014-7-22
1st,2018-5-1,2018-5-1,2018-5-1,2018-5-1,2018-5-1,filing,2018-5-1,2018-5-1,
2nd,2018-5-1,2015-2-01,2009-4-01,2018-5-1,2018-5-1,filing,2018-5-1,2018-5-1,
3rd,2018-5-1,2016-1-01,2008-9-01,2018-5-1,2017-7-01,filing,2018-5-1,2018-5-1,
Other Workers,2018-5-1,2008-6-01,2008-9-01,2018-5-1,2017-7-01,filing,2018-5-1,2018-5-1,
4th,2018-5-1,2018-5-1,2018-5-1,2018-5-1,2018-5-1,filing,2018-5-1,2016-4-15,
Religious Workers,2018-5-1,2018-5-1,2018-5-1,2018-5-1,2018-5-1,filing,2018-5-1,2016-4-15,
5th non-regional,2018-5-1,2014-9-01,2018-5-1,2018-5-1,2018-5-1,filing,2018-5-1,2018-5-1,
5th regional,2018-5-1,2014-9-01,2018-5-1,2018-5-1,2018-5-1,filing,2018-5-1,2018-5-1,
1st,2018-6-1,2012-1-01,2012-1-01,2018-6-1,2018-6-1,final,2018-6-1,2018-6-1,2018-6-1
2nd,2018-6-1,2014-9-01,2008-12-26,2018-6-1,2018-6-1,final,2018-6-1,2018-6-1,2018-6-1
3rd,2018-6-1,2015-6-01,2008-5-01,2018-6-1,2017-1-01,final,2018-6-1,2018-6-1,2018-6-1
Other Workers,2018-6-1,2007-5-01,2008-5-01,2018-6-1,2017-1-01,final,2018-6-1,2018-6-1,2018-6-1
4th,2018-6-1,2018-6-1,2018-6-1,2016-10-22,2018-6-1,final,2018-6-1,2015-12-15,2018-6-1
Religious Workers,2018-6-1,2018-6-1,2018-6-1,2016-10-22,2018-6-1,final,2018-6-1,2015-12-15,2018-6-1
5th non-regional,2018-6-1,2014-8-01,2018-6-1,2018-6-1,2018-6-1,final,2018-6-1,2018-6-1,2014-8-01
5th regional,2018-6-1,2014-8-01,2018-6-1,2018-6-1,2018-6-1,final,2018-6-1,2018-6-1,2014-8-01
1st,2018-6-1,2018-6-1,2018-6-1,2018-6-1,2018-6-1,filing,2018-6-1,2018-6-1,
2nd,2018-6-1,2015-2-01,2009-4-01,2018-6-1,2018-6-1,filing,2018-6-1,2018-6-1,
3rd,2018-6-1,2016-1-01,2008-9-01,2018-6-1,2017-7-01,filing,2018-6-1,2018-6-1,
Other Workers,2018-6-1,2008-6-01,2008-9-01,2018-6-1,2017-7-01,filing,2018-6-1,2018-6-1,
4th,2018-6-1,2018-6-1,2018-6-1,2018-6-1,2018-6-1,filing,2018-6-1,2016-4-15,
Religious Workers,2018-6-1,2018-6-1,2018-6-1,2018-6-1,2018-6-1,filing,2018-6-1,2016-4-15,
5th non-regional,2018-6-1,2014-9-01,2018-6-1,2018-6-1,2018-6-1,filing,2018-6-1,2018-6-1,
5th regional,2018-6-1,2014-9-01,2018-6-1,2018-6-1,2018-6-1,filing,2018-6-1,2018-6-1,
1st,2018-7-1,2012-1-01,2012-1-01,2018-7-1,2018-7-1,final,2018-7-1,2018-7-1,2018-7-1
2nd,2018-7-1,2015-1-01,2009-3-15,2018-7-1,2018-7-1,final,2018-7-1,2018-7-1,2018-7-1
3rd,2018-7-1,2013-1-01,2008-11-01,2018-7-1,2017-1-01,final,2018-7-1,2018-7-1,2018-7-1
Other Workers,2018-7-1,2007-5-01,2008-11-01,2018-7-1,2017-1-01,final,2018-7-1,2018-7-1,2018-7-1
4th,2018-7-1,2018-7-1,2018-7-1,2016-2-08,2018-7-1,final,2018-7-1,2016-2-08,2018-7-1
Religious Workers,2018-7-1,2018-7-1,2018-7-1,2016-2-08,2018-7-1,final,2018-7-1,2016-2-08,2018-7-1
5th non-regional,2018-7-1,2014-8-01,2018-7-1,2018-7-1,2018-7-1,final,2018-7-1,2018-7-1,2014-8-01
5th regional,2018-7-1,2014-8-01,2018-7-1,2018-7-1,2018-7-1,final,2018-7-1,2018-7-1,2014-8-01
1st,2018-7-1,2018-7-1,2018-7-1,2018-7-1,2018-7-1,filing,2018-7-1,2018-7-1,
2nd,2018-7-1,2015-4-01,2009-5-22,2018-7-1,2018-7-1,filing,2018-7-1,2018-7-1,
3rd,2018-7-1,2016-1-01,2009-5-01,2018-7-1,2017-7-01,filing,2018-7-1,2018-7-1,
Other Workers,2018-7-1,2008-6-01,2009-5-01,2018-7-1,2017-7-01,filing,2018-7-1,2018-7-1,
4th,2018-7-1,2018-7-1,2018-7-1,2018-7-1,2018-7-1,filing,2018-7-1,2016-5-01,
Religious Workers,2018-7-1,2018-7-1,2018-7-1,2018-7-1,2018-7-1,filing,2018-7-1,2016-5-01,
5th non-regional,2018-7-1,2014-10-01,2018-7-1,2018-7-1,2018-7-1,filing,2018-7-1,2018-7-1,
5th regional,2018-7-1,2014-10-01,2018-7-1,2018-7-1,2018-7-1,filing,2018-7-1,2018-7-1,
1st,2016-5-01,2012-1-01,2012-1-01,2016-5-01,2016-5-01,final,2018-8-1,2016-5-01,2016-5-01
2nd,2018-8-1,2015-3-01,2009-3-15,2018-8-1,2018-8-1,final,2018-8-1,2018-8-1,2018-8-1
3rd,2018-8-1,2014-7-01,2009-1-01,2018-8-1,2017-6-01,final,2018-8-1,2018-8-1,2018-8-1
Other Workers,2018-8-1,2007-5-01,2009-1-01,2018-8-1,2017-6-01,final,2018-8-1,2018-8-1,2018-8-1
4th,2018-8-1,2018-8-1,2016-2-08,2016-2-08,2018-8-1,final,2018-8-1,2016-2-08,2018-8-1
Religious Workers,2018-8-1,2018-8-1,2016-2-08,2016-2-08,2018-8-1,final,2018-8-1,2016-2-08,2018-8-1
5th non-regional,2018-8-1,2014-8-01,2018-8-1,2018-8-1,2018-8-1,final,2018-8-1,2018-8-1,2014-8-01
5th regional,2018-8-1,2014-8-01,2018-8-1,2018-8-1,2018-8-1,final,2018-8-1,2018-8-1,2014-8-01
1st,2018-8-1,2018-8-1,2018-8-1,2018-8-1,2018-8-1,filing,2018-8-1,2018-8-1,
2nd,2018-8-1,2015-4-01,2009-5-22,2018-8-1,2018-8-1,filing,2018-8-1,2018-8-1,
3rd,2018-8-1,2016-1-01,2009-5-01,2018-8-1,2017-7-01,filing,2018-8-1,2018-8-1,
Other Workers,2018-8-1,2008-6-01,2009-5-01,2018-8-1,2017-7-01,filing,2018-8-1,2018-8-1,
4th,2018-8-1,2018-8-1,2018-8-1,2018-8-1,2018-8-1,filing,2018-8-1,2016-5-01,
Religious Workers,2018-8-1,2018-8-1,2018-8-1,2018-8-1,2018-8-1,filing,2018-8-1,2016-5-01,
5th non-regional,2018-8-1,2014-10-01,2018-8-1,2018-8-1,2018-8-1,filing,2018-8-1,2018-8-1,
5th regional,2018-8-1,2014-10-01,2018-8-1,2018-8-1,2018-8-1,filing,2018-8-1,2018-8-1,
1st,2016-6-01,2012-1-01,2012-1-01,2016-6-01,2016-6-01,final,2018-9-1,2016-6-01,2016-6-01
2nd,2013-1-01,2013-1-01,2007-1-01,2013-1-01,2013-1-01,final,2018-9-1,2013-1-01,2013-1-01
3rd,2016-11-01,2014-11-01,2003-1-01,2016-11-01,2016-11-01,final,2018-9-1,2016-11-01,2016-11-01
Other Workers,2016-11-01,2007-5-01,2003-1-01,2016-11-01,2016-11-01,final,2018-9-1,2016-11-01,2016-11-01
4th,2018-9-1,2018-9-1,2016-2-15,2016-2-15,2018-9-1,final,2018-9-1,2016-2-15,2018-9-1
Religious Workers,2018-9-1,2018-9-1,2016-2-15,2016-2-15,2018-9-1,final,2018-9-1,2016-2-15,2018-9-1
5th non-regional,2018-9-1,2014-8-08,2018-9-1,2018-9-1,2018-9-1,final,2018-9-1,2018-9-1,2014-8-08
5th regional,2018-9-1,2014-8-08,2018-9-1,2018-9-1,2018-9-1,final,2018-9-1,2018-9-1,2014-8-08
1st,2018-9-1,2018-9-1,2018-9-1,2018-9-1,2018-9-1,filing,2018-9-1,2018-9-1,
2nd,2018-9-1,2015-4-01,2009-5-22,2018-9-1,2018-9-1,filing,2018-9-1,2018-9-1,
3rd,2018-9-1,2016-1-01,2009-5-01,2018-9-1,2017-7-01,filing,2018-9-1,2018-9-1,
Other Workers,2018-9-1,2008-6-01,2009-5-01,2018-9-1,2017-7-01,filing,2018-9-1,2018-9-1,
4th,2018-9-1,2018-9-1,2018-9-1,2018-9-1,2018-9-1,filing,2018-9-1,2016-5-01,
Religious Workers,2018-9-1,2018-9-1,2018-9-1,2018-9-1,2018-9-1,filing,2018-9-1,2016-5-01,
5th non-regional,2018-9-1,2014-10-01,2018-9-1,2018-9-1,2018-9-1,filing,2018-9-1,2018-9-1,
5th regional,2018-9-1,2014-10-01,2018-9-1,2018-9-1,2018-9-1,filing,2018-9-1,2018-9-1,
1st,2017-4-01,2016-6-01,2016-6-01,2017-4-01,2017-4-01,final,2018-10-1,2017-4-01,2017-4-01
2nd,2018-10-1,2015-4-01,2009-3-26,2018-10-1,2018-10-1,final,2018-10-1,2018-10-1,2018-10-1
3rd,2018-10-1,2015-6-01,2009-1-01,2018-10-1,2017-6-01,final,2018-10-1,2018-10-1,2018-10-1
Other Workers,2018-10-1,2007-5-01,2009-1-01,2018-10-1,2017-6-01,final,2018-10-1,2018-10-1,2018-10-1
4th,2018-10-1,2018-10-1,2018-10-1,2016-10-22,2018-10-1,final,2018-10-1,2016-2-15,2018-10-1
Religious Workers,,,,,,final,2018-10-1,,
5th non-regional,2018-10-1,2014-8-15,2018-10-1,2018-10-1,2018-10-1,final,2018-10-1,2018-10-1,2016-1-01
5th regional,,,,,,final,2018-10-1,,
1st,2018-6-01,2017-10-01,2017-10-01,2018-6-01,2018-6-01,filing,2018-10-1,2018-6-01,
2nd,2018-10-1,2015-6-15,2009-5-22,2018-10-1,2018-10-1,filing,2018-10-1,2018-10-1,
3rd,2018-10-1,2015-8-08,2009-10-01,2018-10-1,2017-7-01,filing,2018-10-1,2018-10-1,
Other Workers,2018-10-1,2008-6-01,2009-10-01,2018-10-1,2017-7-01,filing,2018-10-1,2018-10-1,
4th,2018-10-1,2018-10-1,2018-10-1,2018-10-1,2018-10-1,filing,2018-10-1,2016-5-01,
Religious Workers,2018-10-1,2018-10-1,2018-10-1,2018-10-1,2018-10-1,filing,2018-10-1,2016-5-01,
5th non-regional,2018-10-1,2014-10-01,2018-10-1,2018-10-1,2018-10-1,filing,2018-10-1,2018-10-1,
5th regional,2018-10-1,2014-10-01,2018-10-1,2018-10-1,2018-10-1,filing,2018-10-1,2018-10-1,
1st,2017-4-01,2016-6-01,2016-6-01,2017-4-01,2017-4-01,final,2018-11-1,2017-4-01,2017-4-01
2nd,2018-11-1,2015-5-15,2009-3-26,2018-11-1,2018-11-1,final,2018-11-1,2018-11-1,2018-11-1
3rd,2018-11-1,2015-6-01,2009-1-01,2018-11-1,2017-6-08,final,2018-11-1,2018-11-1,2018-11-1
Other Workers,2018-11-1,2007-5-01,2009-1-01,2018-11-1,2017-6-08,final,2018-11-1,2018-11-1,2018-11-1
4th,2018-11-1,2018-11-1,2018-11-1,2016-11-22,2018-11-1,final,2018-11-1,2016-2-15,2018-11-1
Religious Workers,2018-11-1,2018-11-1,2018-11-1,2016-11-22,2018-11-1,final,2018-11-1,2016-2-15,2018-11-1
5th non-regional,2018-11-1,2014-8-15,2018-11-1,2018-11-1,2018-11-1,final,2018-11-1,2018-11-1,2016-2-01
5th regional,2018-11-1,2014-8-15,2018-11-1,2018-11-1,2018-11-1,final,2018-11-1,2018-11-1,2016-2-01
1st,2018-6-01,2017-10-01,2017-10-01,2018-6-01,2018-6-01,filing,2018-11-1,2018-6-01,
2nd,2018-11-1,2015-6-15,2009-5-22,2018-11-1,2018-11-1,filing,2018-11-1,2018-11-1,
3rd,2018-11-1,2015-8-08,2009-10-01,2018-11-1,2017-7-01,filing,2018-11-1,2018-11-1,
Other Workers,2018-11-1,2008-6-01,2009-10-01,2018-11-1,2017-7-01,filing,2018-11-1,2018-11-1,
4th,2018-11-1,2018-11-1,2018-11-1,2018-11-1,2018-11-1,filing,2018-11-1,2016-5-01,
Religious Workers,2018-11-1,2018-11-1,2018-11-1,2018-11-1,2018-11-1,filing,2018-11-1,2016-5-01,
5th non-regional,2018-11-1,2014-10-01,2018-11-1,2018-11-1,2018-11-1,filing,2018-11-1,2018-11-1,
5th regional,2018-11-1,2014-10-01,2018-11-1,2018-11-1,2018-11-1,filing,2018-11-1,2018-11-1,
1st,2017-7-01,2016-9-01,2016-9-01,2017-7-01,2017-7-01,final,2018-12-1,2017-7-01,2017-7-01
2nd,2018-12-1,2015-7-01,2009-4-01,2018-12-1,2018-12-1,final,2018-12-1,2018-12-1,2018-12-1
3rd,2018-12-1,2015-6-08,2009-3-01,2018-12-1,2017-6-15,final,2018-12-1,2018-12-1,2018-12-1
Other Workers,2018-12-1,2007-6-01,2009-3-01,2018-12-1,2017-6-15,final,2018-12-1,2018-12-1,2018-12-1
4th,2018-12-1,2018-12-1,2018-12-1,2017-1-01,2018-12-1,final,2018-12-1,2016-2-22,2018-12-1
Religious Workers,2018-12-1,2018-12-1,2018-12-1,2017-1-01,2018-12-1,final,2018-12-1,2016-2-22,2018-12-1
5th non-regional,2018-12-1,2014-8-22,2018-12-1,2018-12-1,2018-12-1,final,2018-12-1,2018-12-1,2016-5-01
5th regional,2018-12-1,2014-8-22,2018-12-1,2018-12-1,2018-12-1,final,2018-12-1,2018-12-1,2016-5-01
1st,2018-6-01,2017-10-01,2017-10-01,2018-6-01,2018-6-01,filing,2018-12-1,2018-6-01,
2nd,2018-12-1,2015-9-08,2009-5-22,2018-12-1,2018-12-1,filing,2018-12-1,2018-12-1,
3rd,2018-12-1,2015-12-01,2010-1-01,2018-12-1,2017-8-01,filing,2018-12-1,2018-12-1,
Other Workers,2018-12-1,2008-6-01,2010-1-01,2018-12-1,2017-8-01,filing,2018-12-1,2018-12-1,
4th,2018-12-1,2018-12-1,2018-12-1,2018-12-1,2018-12-1,filing,2018-12-1,2016-5-01,
Religious Workers,2018-12-1,2018-12-1,2018-12-1,2018-12-1,2018-12-1,filing,2018-12-1,2016-5-01,
5th non-regional,2018-12-1,2014-10-01,2018-12-1,2018-12-1,2018-12-1,filing,2018-12-1,2018-12-1,
5th regional,2018-12-1,2014-10-01,2018-12-1,2018-12-1,2018-12-1,filing,2018-12-1,2018-12-1,
1st,2017-10-01,2016-12-15,2016-12-15,2017-10-01,2017-10-01,final,2019-1-1,2017-10-01,2017-10-01
2nd,2019-1-1,2015-8-01,2009-4-01,2019-1-1,2019-1-1,final,2019-1-1,2019-1-1,2019-1-1
3rd,2019-1-1,2015-6-08,2009-3-01,2019-1-1,2017-6-22,final,2019-1-1,2019-1-1,2019-1-1
Other Workers,2019-1-1,2007-7-01,2009-3-01,2019-1-1,2017-6-22,final,2019-1-1,2019-1-1,2019-1-1
4th,2019-1-1,2019-1-1,2019-1-1,2017-4-15,2019-1-1,final,2019-1-1,2016-2-22,2019-1-1
Religious Workers,,,,,,final,2019-1-1,,
5th non-regional,2019-1-1,2014-9-01,2019-1-1,2019-1-1,2019-1-1,final,2019-1-1,2019-1-1,2016-6-01
5th regional,,,,,,final,2019-1-1,,
1st,2018-6-01,2017-10-01,2017-10-01,2018-6-01,2018-6-01,filing,2019-1-1,2018-6-01,
2nd,2019-1-1,2015-9-08,2009-5-22,2019-1-1,2019-1-1,filing,2019-1-1,2019-1-1,
3rd,2019-1-1,2016-1-01,2010-4-01,2019-1-1,2017-8-01,filing,2019-1-1,2019-1-1,
Other Workers,2019-1-1,2008-6-01,2010-4-01,2019-1-1,2017-8-01,filing,2019-1-1,2019-1-1,
4th,2019-1-1,2019-1-1,2019-1-1,2019-1-1,2019-1-1,filing,2019-1-1,2016-5-01,
Religious Workers,2019-1-1,2019-1-1,2019-1-1,2019-1-1,2019-1-1,filing,2019-1-1,2016-5-01,
5th non-regional,2019-1-1,2014-10-01,2019-1-1,2019-1-1,2019-1-1,filing,2019-1-1,2019-1-1,
5th regional,2019-1-1,2014-10-01,2019-1-1,2019-1-1,2019-1-1,filing,2019-1-1,2019-1-1,
1st,2017-12-01,2017-2-08,2017-2-08,2017-12-01,2017-12-01,final,2019-2-1,2017-12-01,2017-12-01
2nd,2019-2-1,2015-10-01,2009-4-06,2019-2-1,2019-2-1,final,2019-2-1,2019-2-1,2019-2-1
3rd,2019-2-1,2015-7-01,2009-4-22,2019-2-1,2017-8-01,final,2019-2-1,2019-2-1,2019-2-1
Other Workers,2019-2-1,2007-8-01,2009-4-22,2019-2-1,2017-8-01,final,2019-2-1,2019-2-1,2019-2-1
4th,2019-2-1,2019-2-1,2019-2-1,2017-9-01,2019-2-1,final,2019-2-1,2016-3-01,2019-2-1
Religious Workers,,,,,,final,2019-2-1,,
5th non-regional,2019-2-1,2014-9-01,2019-2-1,2019-2-1,2019-2-1,final,2019-2-1,2019-2-1,2016-6-15
5th regional,,,,,,final,2019-2-1,,
1st,2018-6-01,2017-10-01,2017-10-01,2018-6-01,2018-6-01,filing,2019-2-1,2018-6-01,
2nd,2019-2-1,2015-11-01,2009-5-22,2019-2-1,2019-2-1,filing,2019-2-1,2019-2-1,
3rd,2019-2-1,2016-1-01,2010-4-01,2019-2-1,2017-10-01,filing,2019-2-1,2019-2-1,
Other Workers,2019-2-1,2008-6-01,2010-4-01,2019-2-1,2017-10-01,filing,2019-2-1,2019-2-1,
4th,2019-2-1,2019-2-1,2019-2-1,2019-2-1,2019-2-1,filing,2019-2-1,2016-5-01,
Religious Workers,2019-2-1,2019-2-1,2019-2-1,2019-2-1,2019-2-1,filing,2019-2-1,2016-5-01,
5th non-regional,2019-2-1,2014-10-01,2019-2-1,2019-2-1,2019-2-1,filing,2019-2-1,2019-2-1,
5th regional,2019-2-1,2014-10-01,2019-2-1,2019-2-1,2019-2-1,filing,2019-2-1,2019-2-1,
1st,2018-1-01,2017-2-22,2017-2-22,2018-1-01,2018-1-01,final,2019-3-1,2018-1-01,2018-1-01
2nd,2019-3-1,2016-1-01,2009-4-09,2019-3-1,2019-3-1,final,2019-3-1,2019-3-1,2019-3-1
3rd,2019-3-1,2015-7-08,2009-5-22,2019-3-1,2017-12-01,final,2019-3-1,2019-3-1,2019-3-1
Other Workers,2019-3-1,2007-8-15,2009-5-22,2019-3-1,2017-12-01,final,2019-3-1,2019-3-1,2019-3-1
4th,2019-3-1,2019-3-1,2019-3-1,2018-1-01,2019-3-1,final,2019-3-1,2016-3-01,2019-3-1
Religious Workers,,,,,,final,2019-3-1,,
5th non-regional,2019-3-1,2014-9-08,2019-3-1,2019-3-1,2019-3-1,final,2019-3-1,2019-3-1,2016-7-15
5th regional,,,,,,final,2019-3-1,,
1st,2018-6-01,2017-10-01,2017-10-01,2018-6-01,2018-6-01,filing,2019-3-1,2018-6-01,
2nd,2019-3-1,2016-5-01,2009-5-22,2019-3-1,2019-3-1,filing,2019-3-1,2019-3-1,
3rd,2019-3-1,2016-1-01,2010-4-01,2019-3-1,2018-3-01,filing,2019-3-1,2019-3-1,
Other Workers,2019-3-1,2008-6-01,2010-4-01,2019-3-1,2018-3-01,filing,2019-3-1,2019-3-1,
4th,2019-3-1,2019-3-1,2019-3-1,2019-3-1,2019-3-1,filing,2019-3-1,2016-5-01,
Religious Workers,2019-3-1,2019-3-1,2019-3-1,2019-3-1,2019-3-1,filing,2019-3-1,2016-5-01,
5th non-regional,2019-3-1,2014-10-01,2019-3-1,2019-3-1,2019-3-1,filing,2019-3-1,2019-3-1,
5th regional,2019-3-1,2014-10-01,2019-3-1,2019-3-1,2019-3-1,filing,2019-3-1,2019-3-1,
1st,2018-2-01,2017-2-22,2017-2-22,2018-2-01,2018-2-01,final,2019-4-1,2018-2-01,2018-2-01
2nd,2019-4-1,2016-4-01,2009-4-12,2019-4-1,2019-4-1,final,2019-4-1,2019-4-1,2019-4-1
3rd,2019-4-1,2015-8-01,2009-6-22,2019-4-1,2018-3-01,final,2019-4-1,2019-4-1,2019-4-1
Other Workers,2019-4-1,2007-8-22,2009-6-22,2019-4-1,2018-3-01,final,2019-4-1,2019-4-1,2019-4-1
4th,2019-4-1,2019-4-1,2019-4-1,2018-4-01,2019-4-1,final,2019-4-1,2016-3-08,2019-4-1
Religious Workers,2019-4-1,2019-4-1,2019-4-1,2018-4-01,2019-4-1,final,2019-4-1,2016-3-08,2019-4-1
5th non-regional,2019-4-1,2014-9-15,2019-4-1,2019-4-1,2019-4-1,final,2019-4-1,2019-4-1,2016-8-22
5th regional,2019-4-1,2014-9-15,2019-4-1,2019-4-1,2019-4-1,final,2019-4-1,2019-4-1,2016-8-22
1st,2018-6-01,2017-10-01,2017-10-01,2018-6-01,2018-6-01,filing,2019-4-1,2018-6-01,
2nd,2019-4-1,2016-7-01,2009-6-01,2019-4-1,2019-4-1,filing,2019-4-1,2019-4-1,
3rd,2019-4-1,2016-1-01,2010-4-01,2019-4-1,2018-7-01,filing,2019-4-1,2019-4-1,
Other Workers,2019-4-1,2008-6-01,2010-4-01,2019-4-1,2018-7-01,filing,2019-4-1,2019-4-1,
4th,2019-4-1,2019-4-1,2019-4-1,2019-4-1,2019-4-1,filing,2019-4-1,2016-5-15,
Religious Workers,2019-4-1,2019-4-1,2019-4-1,2019-4-1,2019-4-1,filing,2019-4-1,2016-5-15,
5th non-regional,2019-4-1,2014-10-08,2019-4-1,2019-4-1,2019-4-1,filing,2019-4-1,2019-4-1,
5th regional,2019-4-1,2014-10-08,2019-4-1,2019-4-1,2019-4-1,filing,2019-4-1,2019-4-1,
1st,2018-3-01,2017-2-22,2017-2-22,2018-3-01,2018-3-01,final,2019-5-1,2018-3-01,2018-3-01
2nd,2019-5-1,2016-5-15,2009-4-16,2019-5-1,2019-5-1,final,2019-5-1,2019-5-1,2019-5-1
3rd,2019-5-1,2015-8-22,2009-7-01,2019-5-1,2018-6-01,final,2019-5-1,2019-5-1,2019-5-1
Other Workers,2019-5-1,2007-9-01,2009-7-01,2019-5-1,2018-6-01,final,2019-5-1,2019-5-1,2019-5-1
4th,2019-5-1,2019-5-1,2019-5-1,2018-8-01,2019-5-1,final,2019-5-1,2016-3-08,2019-5-1
Religious Workers,2019-5-1,2019-5-1,2019-5-1,2018-8-01,2019-5-1,final,2019-5-1,2016-3-08,2019-5-1
5th non-regional,2019-5-1,2014-9-22,2019-5-1,2019-5-1,2019-5-1,final,2019-5-1,2019-5-1,2016-9-22
5th regional,2019-5-1,2014-9-22,2019-5-1,2019-5-1,2019-5-1,final,2019-5-1,2019-5-1,2016-9-22
1st,2018-9-01,2017-10-01,2017-10-01,2018-9-01,2018-9-01,filing,2019-5-1,2018-9-01,
2nd,2019-5-1,2016-9-01,2009-6-01,2019-5-1,2019-5-1,filing,2019-5-1,2019-5-1,
3rd,2019-5-1,2016-1-01,2010-4-01,2019-5-1,2018-10-01,filing,2019-5-1,2019-5-1,
Other Workers,2019-5-1,2008-6-01,2010-4-01,2019-5-1,2018-10-01,filing,2019-5-1,2019-5-1,
4th,2019-5-1,2019-5-1,2019-5-1,2019-5-1,2019-5-1,filing,2019-5-1,2016-7-01,
Religious Workers,2019-5-1,2019-5-1,2019-5-1,2019-5-1,2019-5-1,filing,2019-5-1,2016-7-01,
5th non-regional,2019-5-1,2014-10-15,2019-5-1,2019-5-1,2019-5-1,filing,2019-5-1,2019-5-1,
5th regional,2019-5-1,2014-10-15,2019-5-1,2019-5-1,2019-5-1,filing,2019-5-1,2019-5-1,
1st,2018-4-22,2017-2-22,2015-1-01,2018-4-22,2018-4-22,final,2019-6-1,2018-4-22,2018-4-22
2nd,2019-6-1,2016-8-01,2009-4-19,2019-6-1,2019-6-1,final,2019-6-1,2019-6-1,2019-6-1
3rd,2019-6-1,2015-9-15,2009-7-01,2019-6-1,2018-11-01,final,2019-6-1,2019-6-1,2019-6-1
Other Workers,2019-6-1,2007-9-01,2009-7-01,2019-6-1,2018-11-01,final,2019-6-1,2019-6-1,2019-6-1
4th,2019-6-1,2019-6-1,2019-6-1,2018-10-01,2019-6-1,final,2019-6-1,2016-3-22,2019-6-1
Religious Workers,2019-6-1,2019-6-1,2019-6-1,2018-10-01,2019-6-1,final,2019-6-1,2016-3-22,2019-6-1
5th non-regional,2019-6-1,2014-10-01,2019-6-1,2019-6-1,2019-6-1,final,2019-6-1,2019-6-1,2016-10-01
5th regional,2019-6-1,2014-10-01,2019-6-1,2019-6-1,2019-6-1,final,2019-6-1,2019-6-1,2016-10-01
1st,2018-9-01,2017-10-01,2017-10-01,2018-9-01,2018-9-01,filing,2019-6-1,2018-9-01,
2nd,2019-6-1,2016-11-01,2009-6-01,2019-6-1,2019-6-1,filing,2019-6-1,2019-6-1,
3rd,2019-6-1,2016-1-01,2010-4-01,2019-6-1,2019-1-01,filing,2019-6-1,2019-6-1,
Other Workers,2019-6-1,2008-6-01,2010-4-01,2019-6-1,2019-1-01,filing,2019-6-1,2019-6-1,
4th,2019-6-1,2019-6-1,2019-6-1,2019-6-1,2019-6-1,filing,2019-6-1,2016-9-01,
Religious Workers,2019-6-1,2019-6-1,2019-6-1,2019-6-1,2019-6-1,filing,2019-6-1,2016-9-01,
5th non-regional,2019-6-1,2014-11-01,2019-6-1,2019-6-1,2019-6-1,filing,2019-6-1,2019-6-1,
5th regional,2019-6-1,2014-11-01,2019-6-1,2019-6-1,2019-6-1,filing,2019-6-1,2019-6-1,
1st,2018-4-22,2017-5-08,2015-1-01,2018-4-22,2018-4-22,final,2019-7-1,2018-4-22,2018-4-22
2nd,2019-7-1,2016-11-01,2009-4-24,2019-7-1,2019-7-1,final,2019-7-1,2019-7-1,2019-7-1
3rd,2019-7-1,2016-1-01,2009-7-01,2019-7-1,2019-7-1,final,2019-7-1,2019-7-1,2019-7-1
Other Workers,2019-7-1,2007-11-22,2009-7-01,2019-7-1,2019-7-1,final,2019-7-1,2019-7-1,2019-7-1
4th,2019-7-1,2019-7-1,2019-7-1,2016-7-01,2019-7-1,final,2019-7-1,2016-7-01,2019-7-1
Religious Workers,2019-7-1,2019-7-1,2019-7-1,2016-7-01,2019-7-1,final,2019-7-1,2016-7-01,2019-7-1
5th non-regional,2019-7-1,2014-10-01,2017-5-01,2019-7-1,2019-7-1,final,2019-7-1,2019-7-1,2016-10-01
5th regional,2019-7-1,2014-10-01,2017-5-01,2019-7-1,2019-7-1,final,2019-7-1,2019-7-1,2016-10-01
1st,2018-9-01,2017-10-01,2017-10-01,2018-9-01,2018-9-01,filing,2019-7-1,2018-9-01,
2nd,2019-7-1,2017-2-01,2009-6-01,2019-7-1,2019-7-1,filing,2019-7-1,2019-7-1,
3rd,2019-7-1,2016-6-01,2010-4-01,2019-7-1,2019-7-1,filing,2019-7-1,2019-7-1,
Other Workers,2019-7-1,2008-6-01,2010-4-01,2019-7-1,2019-7-1,filing,2019-7-1,2019-7-1,
4th,2019-7-1,2019-7-1,2019-7-1,2019-7-1,2019-7-1,filing,2019-7-1,2016-9-01,
Religious Workers,2019-7-1,2019-7-1,2019-7-1,2019-7-1,2019-7-1,filing,2019-7-1,2016-9-01,
5th non-regional,2019-7-1,2014-11-01,2019-7-1,2019-7-1,2019-7-1,filing,2019-7-1,2019-7-1,
5th regional,2019-7-1,2014-11-01,2019-7-1,2019-7-1,2019-7-1,filing,2019-7-1,2019-7-1,
1st,2016-7-01,2016-7-01,2015-1-01,2016-7-01,2016-7-01,final,2019-8-1,2016-7-01,2016-7-01
2nd,2017-1-01,2017-1-01,2009-5-02,2017-1-01,2017-1-01,final,2019-8-1,2017-1-01,2017-1-01
3rd,2016-7-01,2016-7-01,2006-1-01,2016-7-01,2016-7-01,final,2019-8-1,2016-7-01,2016-7-01
Other Workers,2016-7-01,2007-11-22,2006-1-01,2016-7-01,2016-7-01,final,2019-8-1,2016-7-01,2016-7-01
4th,2019-8-1,2019-8-1,2019-8-1,2016-7-01,2019-8-1,final,2019-8-1,2016-7-01,2019-8-1
Religious Workers,2019-8-1,2019-8-1,2019-8-1,2016-7-01,2019-8-1,final,2019-8-1,2016-7-01,2019-8-1
5th non-regional,2019-8-1,2014-10-15,2014-10-15,2019-8-1,2019-8-1,final,2019-8-1,2019-8-1,2014-10-15
5th regional,2019-8-1,2014-10-15,2014-10-15,2019-8-1,2019-8-1,final,2019-8-1,2019-8-1,2014-10-15
1st,2018-9-01,2017-10-01,2017-10-01,2018-9-01,2018-9-01,filing,2019-8-1,2018-9-01,
2nd,2019-8-1,2017-2-01,2009-6-01,2019-8-1,2019-8-1,filing,2019-8-1,2019-8-1,
3rd,2019-8-1,2016-6-01,2010-4-01,2019-8-1,2019-8-1,filing,2019-8-1,2019-8-1,
Other Workers,2019-8-1,2008-6-01,2010-4-01,2019-8-1,2019-8-1,filing,2019-8-1,2019-8-1,
4th,2019-8-1,2019-8-1,2019-8-1,2019-8-1,2019-8-1,filing,2019-8-1,2016-9-01,
Religious Workers,2019-8-1,2019-8-1,2019-8-1,2019-8-1,2019-8-1,filing,2019-8-1,2016-9-01,
5th non-regional,2019-8-1,2014-11-15,2019-8-1,2019-8-1,2019-8-1,filing,2019-8-1,2019-8-1,
5th regional,2019-8-1,2014-11-15,2019-8-1,2019-8-1,2019-8-1,filing,2019-8-1,2019-8-1,
1st,2017-10-01,2014-1-01,,2017-10-01,2017-10-01,final,2019-9-1,2017-10-01,2017-10-01
2nd,2018-1-01,2017-1-01,2009-5-08,2018-1-01,2018-1-01,final,2019-9-1,2018-1-01,2018-1-01
3rd,2016-7-01,2014-1-01,2005-7-01,2016-7-01,2016-7-01,final,2019-9-1,2016-7-01,2016-7-01
Other Workers,2016-7-01,2007-11-22,2005-7-01,2016-7-01,2016-7-01,final,2019-9-1,2016-7-01,2016-7-01
4th,,,,,,final,2019-9-1,,
Religious Workers,,,,,,final,2019-9-1,,
5th non-regional,2019-9-1,2014-10-22,2017-9-01,2019-9-1,2019-9-1,final,2019-9-1,2019-9-1,2014-10-22
5th regional,2019-9-1,2014-10-22,2017-9-01,2019-9-1,2019-9-1,final,2019-9-1,2019-9-1,2014-10-22
1st,2018-9-01,2017-10-01,2017-10-01,2018-9-01,2018-9-01,filing,2019-9-1,2018-9-01,
2nd,2019-9-1,2017-6-01,2009-6-01,2019-9-1,2019-9-1,filing,2019-9-1,2019-9-1,
3rd,2019-9-1,2016-6-01,2010-4-01,2019-9-1,2019-9-1,filing,2019-9-1,2019-9-1,
Other Workers,2019-9-1,2008-6-01,2010-4-01,2019-9-1,2019-9-1,filing,2019-9-1,2019-9-1,
4th,2019-9-1,2019-9-1,2019-9-1,2019-9-1,2019-9-1,filing,2019-9-1,2016-9-01,
Religious Workers,2019-9-1,2019-9-1,2019-9-1,2019-9-1,2019-9-1,filing,2019-9-1,2016-9-01,
5th non-regional,2019-9-1,2014-11-22,2019-9-1,2019-9-1,2019-9-1,filing,2019-9-1,2019-9-1,
5th regional,2019-9-1,2014-11-22,2019-9-1,2019-9-1,2019-9-1,filing,2019-9-1,2019-9-1,
1st,2018-4-22,2016-11-01,2015-1-01,2018-4-22,2018-4-22,final,2019-10-1,2018-4-22,2018-4-22
2nd,2019-10-1,2015-1-01,2009-5-12,2019-10-1,2019-10-1,final,2019-10-1,2019-10-1,2019-10-1
3rd,2019-10-1,2015-11-01,2009-1-01,2019-10-1,2017-10-15,final,2019-10-1,2019-10-1,2019-10-1
Other Workers,2019-10-1,2008-1-01,2009-1-01,2019-10-1,2017-10-15,final,2019-10-1,2019-10-1,2019-10-1
4th,2019-10-1,2019-10-1,2019-10-1,2017-5-01,2019-10-1,final,2019-10-1,2016-7-01,2019-10-1
Religious Workers,,,,,,final,2019-10-1,,
5th non-regional,2019-10-1,2014-10-22,2017-11-22,2019-10-1,2019-10-1,final,2019-10-1,2019-10-1,2016-10-15
5th regional,,,,,,final,2019-10-1,,
1st,2019-7-01,2017-9-01,2017-3-15,2019-7-01,2019-7-01,filing,2019-10-1,2019-7-01,
2nd,2019-10-1,2016-8-01,2009-7-01,2019-10-1,2019-10-1,filing,2019-10-1,2019-10-1,
3rd,2019-10-1,2017-3-01,2010-2-01,2019-10-1,2019-10-1,filing,2019-10-1,2019-10-1,
Other Workers,2019-10-1,2008-8-01,2010-2-01,2019-10-1,2019-10-1,filing,2019-10-1,2019-10-1,
4th,2019-10-1,2019-10-1,2019-10-1,2019-10-1,2019-10-1,filing,2019-10-1,2016-8-15,
Religious Workers,2019-10-1,2019-10-1,2019-10-1,2019-10-1,2019-10-1,filing,2019-10-1,2016-8-15,
5th non-regional,2019-10-1,2015-1-01,2019-10-1,2019-10-1,2019-10-1,filing,2019-10-1,2019-10-1,
5th regional,2019-10-1,2015-1-01,2019-10-1,2019-10-1,2019-10-1,filing,2019-10-1,2019-10-1,
1st,2018-6-01,2017-2-01,2015-1-01,2018-6-01,2018-6-01,final,2019-11-1,2018-6-01,2018-6-01
2nd,2019-11-1,2015-3-15,2009-5-13,2019-11-1,2019-11-1,final,2019-11-1,2019-11-1,2019-11-1
3rd,2019-11-1,2015-11-01,2009-1-01,2019-11-1,2018-2-01,final,2019-11-1,2019-11-1,2019-11-1
Other Workers,2019-11-1,2008-2-01,2009-1-01,2019-11-1,2018-2-01,final,2019-11-1,2019-11-1,2019-11-1
4th,2019-11-1,2019-11-1,2019-11-1,2017-7-22,2019-11-1,final,2019-11-1,2016-7-01,2019-11-1
Religious Workers,2019-11-1,2019-11-1,2019-11-1,2017-7-22,2019-11-1,final,2019-11-1,2016-7-01,2019-11-1
5th non-regional,2019-11-1,2014-11-01,2017-12-08,2019-11-1,2019-11-1,final,2019-11-1,2019-11-1,2016-11-15
5th regional,2019-11-1,2014-11-01,2017-12-08,2019-11-1,2019-11-1,final,2019-11-1,2019-11-1,2016-11-15
1st,2019-7-01,2017-9-01,2017-3-15,2019-7-01,2019-7-01,filing,2019-11-1,2019-7-01,
2nd,2019-11-1,2016-8-01,2009-7-01,2019-11-1,2019-11-1,filing,2019-11-1,2019-11-1,
3rd,2019-11-1,2017-3-01,2010-2-01,2019-11-1,2019-11-1,filing,2019-11-1,2019-11-1,
Other Workers,2019-11-1,2008-8-01,2010-2-01,2019-11-1,2019-11-1,filing,2019-11-1,2019-11-1,
4th,2019-11-1,2019-11-1,2019-11-1,2019-11-1,2019-11-1,filing,2019-11-1,2016-8-15,
Religious Workers,2019-11-1,2019-11-1,2019-11-1,2019-11-1,2019-11-1,filing,2019-11-1,2016-8-15,
5th non-regional,2019-11-1,2015-1-01,2019-11-1,2019-11-1,2019-11-1,filing,2019-11-1,2019-11-1,
5th regional,2019-11-1,2015-1-01,2019-11-1,2019-11-1,2019-11-1,filing,2019-11-1,2019-11-1,
1st,2018-7-15,2017-5-15,2015-1-01,2018-7-15,2018-7-15,final,2019-12-1,2018-7-15,2018-7-15
2nd,2019-12-1,2015-6-22,2009-5-15,2019-12-1,2019-12-1,final,2019-12-1,2019-12-1,2019-12-1
3rd,2019-12-1,2015-11-01,2009-1-01,2019-12-1,2018-3-01,final,2019-12-1,2019-12-1,2019-12-1
Other Workers,2019-12-1,2008-3-01,2009-1-01,2019-12-1,2018-3-01,final,2019-12-1,2019-12-1,2019-12-1
4th,2019-12-1,2019-12-1,2019-12-1,2017-7-22,2019-12-1,final,2019-12-1,2016-7-01,2019-12-1
Religious Workers,,,,,,final,2019-12-1,,
5th non-regional,2019-12-1,2014-11-15,2018-1-01,2019-12-1,2019-12-1,final,2019-12-1,2019-12-1,2016-12-01
5th regional,,,,,,final,2019-12-1,,
1st,2019-12-1,2017-9-01,2017-3-15,2019-12-1,2019-12-1,filing,2019-12-1,2019-12-1,
2nd,2019-12-1,2016-8-01,2009-7-01,2019-12-1,2019-12-1,filing,2019-12-1,2019-12-1,
3rd,2019-12-1,2017-3-01,2010-2-01,2019-12-1,2019-12-1,filing,2019-12-1,2019-12-1,
Other Workers,2019-12-1,2008-8-01,2010-2-01,2019-12-1,2019-12-1,filing,2019-12-1,2019-12-1,
4th,2019-12-1,2019-12-1,2019-12-1,2019-12-1,2019-12-1,filing,2019-12-1,2016-8-15,
Religious Workers,2019-12-1,2019-12-1,2019-12-1,2019-12-1,2019-12-1,filing,2019-12-1,2016-8-15,
5th non-regional,2019-12-1,2015-5-15,2019-12-1,2019-12-1,2019-12-1,filing,2019-12-1,2019-12-1,
5th regional,2019-12-1,2015-5-15,2019-12-1,2019-12-1,2019-12-1,filing,2019-12-1,2019-12-1,
1st,2018-10-01,2017-5-22,2015-1-01,2018-10-01,2018-10-01,final,2020-1-1,2018-10-01,2018-10-01
2nd,2020-1-1,2015-7-01,2009-5-18,2020-1-1,2020-1-1,final,2020-1-1,2020-1-1,2020-1-1
3rd,2020-1-1,2015-12-01,2009-1-01,2020-1-1,2018-3-15,final,2020-1-1,2020-1-1,2020-1-1
Other Workers,2020-1-1,2008-4-01,2009-1-01,2020-1-1,2018-3-15,final,2020-1-1,2020-1-1,2020-1-1
4th,2020-1-1,2020-1-1,2020-1-1,2017-8-08,2020-1-1,final,2020-1-1,2016-7-01,2020-1-1
Religious Workers,,,,,,final,2020-1-1,,
5th non-regional,2020-1-1,2014-11-22,2018-5-01,2020-1-1,2020-1-1,final,2020-1-1,2020-1-1,2016-12-08
5th regional,,,,,,final,2020-1-1,,
1st,2020-1-1,2017-10-01,2017-3-15,2020-1-1,2020-1-1,filing,2020-1-1,2020-1-1,
2nd,2020-1-1,2016-8-01,2009-7-01,2020-1-1,2020-1-1,filing,2020-1-1,2020-1-1,
3rd,2019-1-01,2017-3-01,2010-2-01,2019-1-01,2019-1-01,filing,2020-1-1,2019-1-01,
Other Workers,2019-1-01,2008-8-01,2010-2-01,2019-1-01,2019-1-01,filing,2020-1-1,2019-1-01,
4th,2020-1-1,2020-1-1,2020-1-1,2020-1-1,2020-1-1,filing,2020-1-1,2016-8-15,
Religious Workers,2020-1-1,2020-1-1,2020-1-1,2020-1-1,2020-1-1,filing,2020-1-1,2016-8-15,
5th non-regional,2020-1-1,2015-5-15,2020-1-1,2020-1-1,2020-1-1,filing,2020-1-1,2020-1-1,
5th regional,2020-1-1,2015-5-15,2020-1-1,2020-1-1,2020-1-1,filing,2020-1-1,2020-1-1,
1st,2018-12-01,2017-5-22,2015-1-01,2018-12-01,2018-12-01,final,2020-2-1,2018-12-01,2018-12-01
2nd,2020-2-1,2015-7-15,2009-5-19,2020-2-1,2020-2-1,final,2020-2-1,2020-2-1,2020-2-1
3rd,2020-2-1,2016-1-01,2009-1-08,2020-2-1,2018-6-01,final,2020-2-1,2020-2-1,2020-2-1
Other Workers,2020-2-1,2008-5-01,2009-1-08,2020-2-1,2018-6-01,final,2020-2-1,2020-2-1,2020-2-1
4th,2020-2-1,2020-2-1,2020-2-1,2017-9-01,2020-2-1,final,2020-2-1,2016-7-01,2020-2-1
Religious Workers,2020-2-1,2020-2-1,2020-2-1,2017-9-01,2020-2-1,final,2020-2-1,2016-7-01,2020-2-1
5th non-regional,2020-2-1,2014-12-01,2018-9-01,2020-2-1,2020-2-1,final,2020-2-1,2020-2-1,2016-12-15
5th regional,2020-2-1,2014-12-01,2018-9-01,2020-2-1,2020-2-1,final,2020-2-1,2020-2-1,2016-12-15
1st,2020-2-1,2017-10-01,2017-3-15,2020-2-1,2020-2-1,filing,2020-2-1,2020-2-1,
2nd,2020-2-1,2016-8-01,2009-7-01,2020-2-1,2020-2-1,filing,2020-2-1,2020-2-1,
3rd,2019-1-01,2017-3-01,2010-2-01,2019-1-01,2019-1-01,filing,2020-2-1,2019-1-01,
Other Workers,2019-1-01,2008-8-01,2010-2-01,2019-1-01,2019-1-01,filing,2020-2-1,2019-1-01,
4th,2020-2-1,2020-2-1,2020-2-1,2020-2-1,2020-2-1,filing,2020-2-1,2016-8-15,
Religious Workers,2020-2-1,2020-2-1,2020-2-1,2020-2-1,2020-2-1,filing,2020-2-1,2016-8-15,
5th non-regional,2020-2-1,2015-5-15,2020-2-1,2020-2-1,2020-2-1,filing,2020-2-1,2020-2-1,
5th regional,2020-2-1,2015-5-15,2020-2-1,2020-2-1,2020-2-1,filing,2020-2-1,2020-2-1,
1st,2019-3-01,2017-6-01,2015-3-01,2019-3-01,2019-3-01,final,2020-3-1,2019-3-01,2019-3-01
2nd,2020-3-1,2015-8-15,2009-5-22,2020-3-1,2020-3-1,final,2020-3-1,2020-3-1,2020-3-1
3rd,2017-1-01,2016-3-22,2009-1-15,2017-1-01,2017-1-01,final,2020-3-1,2017-1-01,2017-1-01
Other Workers,2017-1-01,2008-6-01,2009-1-15,2017-1-01,2017-1-01,final,2020-3-1,2017-1-01,2017-1-01
4th,2020-3-1,2020-3-1,2020-3-1,2017-11-15,2020-3-1,final,2020-3-1,2016-7-15,2020-3-1
Religious Workers,2020-3-1,2020-3-1,2020-3-1,2017-11-15,2020-3-1,final,2020-3-1,2016-7-15,2020-3-1
5th non-regional,2020-3-1,2015-5-15,2018-10-22,2020-3-1,2020-3-1,final,2020-3-1,2020-3-1,2017-1-15
5th regional,2020-3-1,2015-5-15,2018-10-22,2020-3-1,2020-3-1,final,2020-3-1,2020-3-1,2017-1-15
1st,2020-3-1,2017-10-01,2017-3-15,2020-3-1,2020-3-1,filing,2020-3-1,2020-3-1,
2nd,2020-3-1,2016-8-01,2009-7-01,2020-3-1,2020-3-1,filing,2020-3-1,2020-3-1,
3rd,2019-1-01,2017-3-01,2010-2-01,2019-1-01,2019-1-01,filing,2020-3-1,2019-1-01,
Other Workers,2019-1-01,2008-8-01,2010-2-01,2019-1-01,2019-1-01,filing,2020-3-1,2019-1-01,
4th,2020-3-1,2020-3-1,2020-3-1,2020-3-1,2020-3-1,filing,2020-3-1,2016-8-15,
Religious Workers,2020-3-1,2020-3-1,2020-3-1,2020-3-1,2020-3-1,filing,2020-3-1,2016-8-15,
5th non-regional,2020-3-1,2015-12-15,2020-3-1,2020-3-1,2020-3-1,filing,2020-3-1,2020-3-1,
5th regional,2020-3-1,2015-12-15,2020-3-1,2020-3-1,2020-3-1,filing,2020-3-1,2020-3-1,
1st,2019-6-01,2017-6-08,2015-5-01,2019-6-01,2019-6-01,final,2020-4-1,2019-6-01,2019-6-01
2nd,2020-4-1,2015-9-01,2009-5-25,2020-4-1,2020-4-1,final,2020-4-1,2020-4-1,2020-4-1
3rd,2017-1-01,2016-4-15,2009-1-22,2017-1-01,2017-1-01,final,2020-4-1,2017-1-01,2017-1-01
Other Workers,2017-1-01,2008-7-01,2009-1-22,2017-1-01,2017-1-01,final,2020-4-1,2017-1-01,2017-1-01
4th,2020-4-1,2020-4-1,2020-4-1,2018-1-22,2020-4-1,final,2020-4-1,2016-7-15,2020-4-1
Religious Workers,2020-4-1,2020-4-1,2020-4-1,2018-1-22,2020-4-1,final,2020-4-1,2016-7-15,2020-4-1
5th non-regional,2020-4-1,2015-5-15,2019-1-01,2020-4-1,2020-4-1,final,2020-4-1,2020-4-1,2017-2-08
5th regional,2020-4-1,2015-5-15,2019-1-01,2020-4-1,2020-4-1,final,2020-4-1,2020-4-1,2017-2-08
1st,2020-4-1,2017-10-01,2017-3-15,2020-4-1,2020-4-1,filing,2020-4-1,2020-4-1,
2nd,2020-4-1,2016-8-01,2009-7-01,2020-4-1,2020-4-1,filing,2020-4-1,2020-4-1,
3rd,2019-1-01,2017-3-01,2010-2-01,2019-1-01,2019-1-01,filing,2020-4-1,2019-1-01,
Other Workers,2019-1-01,2008-8-01,2010-2-01,2019-1-01,2019-1-01,filing,2020-4-1,2019-1-01,
4th,2020-4-1,2020-4-1,2020-4-1,2020-4-1,2020-4-1,filing,2020-4-1,2016-8-15,
Religious Workers,2020-4-1,2020-4-1,2020-4-1,2020-4-1,2020-4-1,filing,2020-4-1,2016-8-15,
5th non-regional,2020-4-1,2015-12-15,2020-4-1,2020-4-1,2020-4-1,filing,2020-4-1,2020-4-1,
5th regional,2020-4-1,2015-12-15,2020-4-1,2020-4-1,2020-4-1,filing,2020-4-1,2020-4-1,
1st,2020-5-1,2017-7-15,2015-8-01,2020-5-1,2020-5-1,final,2020-5-1,2020-5-1,2020-5-1
2nd,2020-5-1,2015-10-01,2009-6-02,2020-5-1,2020-5-1,final,2020-5-1,2020-5-1,2020-5-1
3rd,2017-1-01,2016-5-15,2009-3-01,2017-1-01,2017-1-01,final,2020-5-1,2017-1-01,2017-1-01
Other Workers,2017-1-01,2008-7-15,2009-3-01,2017-1-01,2017-1-01,final,2020-5-1,2017-1-01,2017-1-01
4th,2020-5-1,2020-5-1,2020-5-1,2018-5-01,2020-5-1,final,2020-5-1,2016-8-15,2020-5-1
Religious Workers,2020-5-1,2020-5-1,2020-5-1,2018-5-01,2020-5-1,final,2020-5-1,2016-8-15,2020-5-1
5th non-regional,2020-5-1,2015-7-01,2019-10-01,2020-5-1,2020-5-1,final,2020-5-1,2020-5-1,2017-4-01
5th regional,2020-5-1,2015-7-01,2019-10-01,2020-5-1,2020-5-1,final,2020-5-1,2020-5-1,2017-4-01
1st,2020-5-1,2017-10-01,2017-3-15,2020-5-1,2020-5-1,filing,2020-5-1,2020-5-1,
2nd,2020-5-1,2016-8-01,2009-7-01,2020-5-1,2020-5-1,filing,2020-5-1,2020-5-1,
3rd,2019-4-01,2017-3-01,2010-2-01,2019-4-01,2019-4-01,filing,2020-5-1,2019-4-01,
Other Workers,2019-4-01,2008-8-01,2010-2-01,2019-4-01,2019-4-01,filing,2020-5-1,2019-4-01,
4th,2020-5-1,2020-5-1,2020-5-1,2020-5-1,2020-5-1,filing,2020-5-1,2016-9-15,
Religious Workers,2020-5-1,2020-5-1,2020-5-1,2020-5-1,2020-5-1,filing,2020-5-1,2016-9-15,
5th non-regional,2020-5-1,2015-12-15,2020-5-1,2020-5-1,2020-5-1,filing,2020-5-1,2020-5-1,
5th regional,2020-5-1,2015-12-15,2020-5-1,2020-5-1,2020-5-1,filing,2020-5-1,2020-5-1,
1st,2020-6-1,2017-8-15,2016-6-08,2020-6-1,2020-6-1,final,2020-6-1,2020-6-1,2020-6-1
2nd,2020-6-1,2015-11-01,2009-6-12,2020-6-1,2020-6-1,final,2020-6-1,2020-6-1,2020-6-1
3rd,2017-11-08,2016-6-15,2009-4-01,2017-11-08,2017-11-08,final,2020-6-1,2017-11-08,2017-11-08
Other Workers,2017-11-08,2008-7-15,2009-4-01,2017-11-08,2017-11-08,final,2020-6-1,2017-11-08,2017-11-08
4th,2020-6-1,2020-6-1,2020-6-1,2018-6-08,2020-6-1,final,2020-6-1,2016-12-15,2020-6-1
Religious Workers,2020-6-1,2020-6-1,2020-6-1,2018-6-08,2020-6-1,final,2020-6-1,2016-12-15,2020-6-1
5th non-regional,2020-6-1,2015-7-15,2020-1-01,2020-6-1,2020-6-1,final,2020-6-1,2020-6-1,2017-4-22
5th regional,2020-6-1,2015-7-15,2020-1-01,2020-6-1,2020-6-1,final,2020-6-1,2020-6-1,2017-4-22
1st,2020-6-1,2017-10-01,2017-3-15,2020-6-1,2020-6-1,filing,2020-6-1,2020-6-1,
2nd,2020-6-1,2016-8-01,2009-7-01,2020-6-1,2020-6-1,filing,2020-6-1,2020-6-1,
3rd,2019-4-01,2017-3-01,2010-2-01,2019-4-01,2019-4-01,filing,2020-6-1,2019-4-01,
Other Workers,2019-4-01,2008-8-01,2010-2-01,2019-4-01,2019-4-01,filing,2020-6-1,2019-4-01,
4th,2020-6-1,2020-6-1,2020-6-1,2020-6-1,2020-6-1,filing,2020-6-1,2017-2-01,
Religious Workers,2020-6-1,2020-6-1,2020-6-1,2020-6-1,2020-6-1,filing,2020-6-1,2017-2-01,
5th non-regional,2020-6-1,2015-12-15,2020-6-1,2020-6-1,2020-6-1,filing,2020-6-1,2020-6-1,
5th regional,2020-6-1,2015-12-15,2020-6-1,2020-6-1,2020-6-1,filing,2020-6-1,2020-6-1,
1st,2020-7-1,2017-8-22,2017-5-08,2020-7-1,2020-7-1,final,2020-7-1,2020-7-1,2020-7-1
2nd,2020-7-1,2015-11-08,2009-7-08,2020-7-1,2020-7-1,final,2020-7-1,2020-7-1,2020-7-1
3rd,2018-4-15,2016-6-22,2009-6-01,2018-4-15,2018-4-15,final,2020-7-1,2018-4-15,2018-4-15
Other Workers,2018-4-15,2008-7-22,2009-6-01,2018-4-15,2018-4-15,final,2020-7-1,2018-4-15,2018-4-15
4th,2020-7-1,2020-7-1,2020-7-1,2018-6-15,2020-7-1,final,2020-7-1,2017-2-01,2020-7-1
Religious Workers,2020-7-1,2020-7-1,2020-7-1,2018-6-15,2020-7-1,final,2020-7-1,2017-2-01,2020-7-1
5th non-regional,2020-7-1,2015-7-22,2020-7-1,2020-7-1,2020-7-1,final,2020-7-1,2020-7-1,2017-5-15
5th regional,2020-7-1,2015-7-22,2020-7-1,2020-7-1,2020-7-1,final,2020-7-1,2020-7-1,2017-5-15
1st,2020-7-1,2017-11-01,2017-8-01,2020-7-1,2020-7-1,filing,2020-7-1,2020-7-1,
2nd,2020-7-1,2016-8-01,2009-8-15,2020-7-1,2020-7-1,filing,2020-7-1,2020-7-1,
3rd,2019-4-01,2017-3-01,2010-2-01,2019-4-01,2019-4-01,filing,2020-7-1,2019-4-01,
Other Workers,2019-4-01,2008-8-01,2010-2-01,2019-4-01,2019-4-01,filing,2020-7-1,2019-4-01,
4th,2020-7-1,2020-7-1,2020-7-1,2020-7-1,2020-7-1,filing,2020-7-1,2017-5-01,
Religious Workers,2020-7-1,2020-7-1,2020-7-1,2020-7-1,2020-7-1,filing,2020-7-1,2017-5-01,
5th non-regional,2020-7-1,2015-12-15,2020-7-1,2020-7-1,2020-7-1,filing,2020-7-1,2020-7-1,
5th regional,2020-7-1,2015-12-15,2020-7-1,2020-7-1,2020-7-1,filing,2020-7-1,2020-7-1,
1st,2020-8-1,2018-2-08,2018-2-08,2020-8-1,2020-8-1,final,2020-8-1,2020-8-1,2020-8-1
2nd,2020-8-1,2016-1-15,2009-7-08,2020-8-1,2020-8-1,final,2020-8-1,2020-8-1,2020-8-1
3rd,2019-4-01,2017-2-15,2009-10-01,2019-4-01,2019-4-01,final,2020-8-1,2019-4-01,2019-4-01
Other Workers,2019-4-01,2008-8-01,2009-10-01,2019-4-01,2019-4-01,final,2020-8-1,2019-4-01,2019-4-01
4th,2020-8-1,2020-8-1,2020-8-1,2018-6-15,2020-8-1,final,2020-8-1,2017-4-01,2020-8-1
Religious Workers,2020-8-1,2020-8-1,2020-8-1,2018-6-15,2020-8-1,final,2020-8-1,2017-4-01,2020-8-1
5th non-regional,2020-8-1,2015-8-08,2020-8-1,2020-8-1,2020-8-1,final,2020-8-1,2020-8-1,2017-7-22
5th regional,2020-8-1,2015-8-08,2020-8-1,2020-8-1,2020-8-1,final,2020-8-1,2020-8-1,2017-7-22
1st,2020-8-1,2018-7-01,2018-7-01,2020-8-1,2020-8-1,filing,2020-8-1,2020-8-1,
2nd,2020-8-1,2016-8-01,2009-8-15,2020-8-1,2020-8-1,filing,2020-8-1,2020-8-1,
3rd,2020-4-01,2017-5-01,2010-2-01,2020-4-01,2020-4-01,filing,2020-8-1,2020-4-01,
Other Workers,2020-4-01,2008-10-01,2010-2-01,2020-4-01,2020-4-01,filing,2020-8-1,2020-4-01,
4th,2020-8-1,2020-8-1,2020-8-1,2020-8-1,2020-8-1,filing,2020-8-1,2017-10-01,
Religious Workers,2020-8-1,2020-8-1,2020-8-1,2020-8-1,2020-8-1,filing,2020-8-1,2017-10-01,
5th non-regional,2020-8-1,2015-12-15,2020-8-1,2020-8-1,2020-8-1,filing,2020-8-1,2020-8-1,
5th regional,2020-8-1,2015-12-15,2020-8-1,2020-8-1,2020-8-1,filing,2020-8-1,2020-8-1,
1st,2020-9-1,2018-3-01,2018-3-01,2020-9-1,2020-9-1,final,2020-9-1,2020-9-1,2020-9-1
2nd,2020-9-1,2016-1-15,2009-7-08,2020-9-1,2020-9-1,final,2020-9-1,2020-9-1,2020-9-1
3rd,2019-4-01,2017-2-15,2009-10-01,2019-4-01,2019-4-01,final,2020-9-1,2019-4-01,2019-4-01
Other Workers,2019-4-01,2008-8-01,2009-10-01,2019-4-01,2019-4-01,final,2020-9-1,2019-4-01,2019-4-01
4th,2020-9-1,2020-9-1,2020-9-1,2018-6-15,2020-9-1,final,2020-9-1,2017-4-01,2020-9-1
Religious Workers,2020-9-1,2020-9-1,2020-9-1,2018-6-15,2020-9-1,final,2020-9-1,2017-4-01,2020-9-1
5th non-regional,2020-9-1,2015-8-15,2020-9-1,2020-9-1,2020-9-1,final,2020-9-1,2020-9-1,2017-8-01
5th regional,2020-9-1,2015-8-15,2020-9-1,2020-9-1,2020-9-1,final,2020-9-1,2020-9-1,2017-8-01
1st,2020-9-1,2018-7-01,2018-7-01,2020-9-1,2020-9-1,filing,2020-9-1,2020-9-1,
2nd,2020-9-1,2016-8-01,2009-8-15,2020-9-1,2020-9-1,filing,2020-9-1,2020-9-1,
3rd,2020-4-01,2017-5-01,2010-2-01,2020-4-01,2020-4-01,filing,2020-9-1,2020-4-01,
Other Workers,2020-4-01,2008-10-01,2010-2-01,2020-4-01,2020-4-01,filing,2020-9-1,2020-4-01,
4th,2020-9-1,2020-9-1,2020-9-1,2020-9-1,2020-9-1,filing,2020-9-1,2017-10-01,
Religious Workers,2020-9-1,2020-9-1,2020-9-1,2020-9-1,2020-9-1,filing,2020-9-1,2017-10-01,
5th non-regional,2020-9-1,2015-12-15,2020-9-1,2020-9-1,2020-9-1,filing,2020-9-1,2020-9-1,
5th regional,2020-9-1,2015-12-15,2020-9-1,2020-9-1,2020-9-1,filing,2020-9-1,2020-9-1,
1st,2020-10-1,2018-6-01,2018-6-01,2020-10-1,2020-10-1,final,2020-10-1,2020-10-1,2020-10-1
2nd,2020-10-1,2016-3-01,2009-9-01,2020-10-1,2020-10-1,final,2020-10-1,2020-10-1,2020-10-1
3rd,2020-10-1,2017-7-01,2010-1-15,2020-10-1,2020-10-1,final,2020-10-1,2020-10-1,2020-10-1
Other Workers,2020-10-1,2008-12-01,2010-1-15,2020-10-1,2020-10-1,final,2020-10-1,2020-10-1,2020-10-1
4th,2020-10-1,2020-10-1,2020-10-1,2018-9-01,2020-10-1,final,2020-10-1,2017-8-01,2020-10-1
Religious Workers,,,,,,final,2020-10-1,,
5th non-regional,2020-10-1,2015-8-15,2020-10-1,2020-10-1,2020-10-1,final,2020-10-1,2020-10-1,2017-8-01
5th regional,,,,,,final,2020-10-1,,
1st,2020-10-1,2020-9-01,2020-9-01,2020-10-1,2020-10-1,filing,2020-10-1,2020-10-1,
2nd,2020-10-1,2016-10-01,2011-5-15,2020-10-1,2020-10-1,filing,2020-10-1,2020-10-1,
3rd,2020-10-1,2018-6-01,2015-1-01,2020-10-1,2020-10-1,filing,2020-10-1,2020-10-1,
Other Workers,2020-10-1,2008-10-01,2015-1-01,2020-10-1,2020-10-1,filing,2020-10-1,2020-10-1,
4th,2020-10-1,2020-10-1,2020-10-1,2020-10-1,2020-10-1,filing,2020-10-1,2018-2-01,
Religious Workers,2020-10-1,2020-10-1,2020-10-1,2020-10-1,2020-10-1,filing,2020-10-1,2018-2-01,
5th non-regional,2020-10-1,2015-12-15,2020-10-1,2020-10-1,2020-10-1,filing,2020-10-1,2020-10-1,
5th regional,2020-10-1,2015-12-15,2020-10-1,2020-10-1,2020-10-1,filing,2020-10-1,2020-10-1,
1st,2020-11-1,2018-12-01,2018-12-01,2020-11-1,2020-11-1,final,2020-11-1,2020-11-1,2020-11-1
2nd,2020-11-1,2016-4-22,2009-9-22,2020-11-1,2020-11-1,final,2020-11-1,2020-11-1,2020-11-1
3rd,2020-11-1,2017-10-01,2010-3-01,2020-11-1,2020-11-1,final,2020-11-1,2020-11-1,2020-11-1
Other Workers,2020-11-1,2009-1-01,2010-3-01,2020-11-1,2020-11-1,final,2020-11-1,2020-11-1,2020-11-1
4th,2020-11-1,2020-11-1,2020-11-1,2018-10-15,2020-11-1,final,2020-11-1,2017-11-01,2020-11-1
Religious Workers,2020-11-1,2020-11-1,2020-11-1,2018-10-15,2020-11-1,final,2020-11-1,2017-11-01,2020-11-1
5th non-regional,2020-11-1,2015-8-15,2020-11-1,2020-11-1,2020-11-1,final,2020-11-1,2020-11-1,2017-8-15
5th regional,2020-11-1,2015-8-15,2020-11-1,2020-11-1,2020-11-1,final,2020-11-1,2020-11-1,2017-8-15
1st,2020-11-1,2020-9-01,2020-9-01,2020-11-1,2020-11-1,filing,2020-11-1,2020-11-1,
2nd,2020-11-1,2016-10-01,2011-5-15,2020-11-1,2020-11-1,filing,2020-11-1,2020-11-1,
3rd,2020-11-1,2018-6-01,2015-1-01,2020-11-1,2020-11-1,filing,2020-11-1,2020-11-1,
Other Workers,2020-11-1,2009-5-01,2015-1-01,2020-11-1,2020-11-1,filing,2020-11-1,2020-11-1,
4th,2020-11-1,2020-11-1,2020-11-1,2020-11-1,2020-11-1,filing,2020-11-1,2018-2-01,
Religious Workers,2020-11-1,2020-11-1,2020-11-1,2020-11-1,2020-11-1,filing,2020-11-1,2018-2-01,
5th non-regional,2020-11-1,2015-12-15,2020-11-1,2020-11-1,2020-11-1,filing,2020-11-1,2020-11-1,
5th regional,2020-11-1,2015-12-15,2020-11-1,2020-11-1,2020-11-1,filing,2020-11-1,2020-11-1,
1st,2020-12-1,2019-4-01,2019-4-01,2020-12-1,2020-12-1,final,2020-12-1,2020-12-1,2020-12-1
2nd,2020-12-1,2016-5-01,2009-10-01,2020-12-1,2020-12-1,final,2020-12-1,2020-12-1,2020-12-1
3rd,2020-12-1,2017-11-01,2010-3-15,2020-12-1,2020-12-1,final,2020-12-1,2020-12-1,2020-12-1
Other Workers,2020-12-1,2009-2-15,2010-3-15,2020-12-1,2020-12-1,final,2020-12-1,2020-12-1,2020-12-1
4th,2020-12-1,2020-12-1,2020-12-1,2018-11-22,2020-12-1,final,2020-12-1,2018-2-01,2020-12-1
Religious Workers,2020-12-1,2020-12-1,2020-12-1,2018-11-22,2020-12-1,final,2020-12-1,2018-2-01,2020-12-1
5th non-regional,2020-12-1,2015-8-15,2020-12-1,2020-12-1,2020-12-1,final,2020-12-1,2020-12-1,2017-9-01
5th regional,2020-12-1,2015-8-15,2020-12-1,2020-12-1,2020-12-1,final,2020-12-1,2020-12-1,2017-9-01
1st,2020-12-1,2020-11-01,2020-11-01,2020-12-1,2020-12-1,filing,2020-12-1,2020-12-1,
2nd,2020-12-1,2016-10-01,2011-5-15,2020-12-1,2020-12-1,filing,2020-12-1,2020-12-1,
3rd,2020-12-1,2018-6-01,2014-1-01,2020-12-1,2020-12-1,filing,2020-12-1,2020-12-1,
Other Workers,2020-12-1,2009-5-01,2014-1-01,2020-12-1,2020-12-1,filing,2020-12-1,2020-12-1,
4th,2020-12-1,2020-12-1,2020-12-1,2020-12-1,2020-12-1,filing,2020-12-1,2018-5-01,
Religious Workers,2020-12-1,2020-12-1,2020-12-1,2020-12-1,2020-12-1,filing,2020-12-1,2018-5-01,
5th non-regional,2020-12-1,2015-12-15,2020-12-1,2020-12-1,2020-12-1,filing,2020-12-1,2020-12-1,
5th regional,2020-12-1,2015-12-15,2020-12-1,2020-12-1,2020-12-1,filing,2020-12-1,2020-12-1,
1st,2021-1-1,2019-9-01,2019-9-01,2021-1-1,2021-1-1,final,2021-1-1,2021-1-1,2021-1-1
2nd,2021-1-1,2016-6-01,2009-10-08,2021-1-1,2021-1-1,final,2021-1-1,2021-1-1,2021-1-1
3rd,2021-1-1,2017-12-15,2010-3-22,2021-1-1,2021-1-1,final,2021-1-1,2021-1-1,2021-1-1
Other Workers,2021-1-1,2009-3-01,2010-3-22,2021-1-1,2021-1-1,final,2021-1-1,2021-1-1,2021-1-1
4th,2021-1-1,2021-1-1,2021-1-1,2018-12-01,2021-1-1,final,2021-1-1,2018-3-01,2021-1-1
Religious Workers,,,,,,final,2021-1-1,,
5th non-regional,2021-1-1,2015-8-15,2021-1-1,2021-1-1,2021-1-1,final,2021-1-1,2021-1-1,2017-9-15
5th regional,,,,,,final,2021-1-1,,
1st,2021-1-1,2020-11-01,2020-11-01,2021-1-1,2021-1-1,filing,2021-1-1,2021-1-1,
2nd,2021-1-1,2016-10-01,2011-5-15,2021-1-1,2021-1-1,filing,2021-1-1,2021-1-1,
3rd,2021-1-1,2018-6-01,2014-1-01,2021-1-1,2021-1-1,filing,2021-1-1,2021-1-1,
Other Workers,2021-1-1,2009-7-01,2014-1-01,2021-1-1,2021-1-1,filing,2021-1-1,2021-1-1,
4th,2021-1-1,2021-1-1,2021-1-1,2021-1-1,2021-1-1,filing,2021-1-1,2018-7-01,
Religious Workers,2021-1-1,2021-1-1,2021-1-1,2021-1-1,2021-1-1,filing,2021-1-1,2018-7-01,
5th non-regional,2021-1-1,2015-12-15,2021-1-1,2021-1-1,2021-1-1,filing,2021-1-1,2021-1-1,
5th regional,2021-1-1,2015-12-15,2021-1-1,2021-1-1,2021-1-1,filing,2021-1-1,2021-1-1,
1st,2021-2-1,2020-1-01,2020-1-01,2021-2-1,2021-2-1,final,2021-2-1,2021-2-1,2021-2-1
2nd,2021-2-1,2016-6-15,2009-10-12,2021-2-1,2021-2-1,final,2021-2-1,2021-2-1,2021-2-1
3rd,2021-2-1,2018-1-01,2010-4-01,2021-2-1,2021-2-1,final,2021-2-1,2021-2-1,2021-2-1
Other Workers,2021-2-1,2009-4-01,2010-4-01,2021-2-1,2021-2-1,final,2021-2-1,2021-2-1,2021-2-1
4th,2021-2-1,2021-2-1,2021-2-1,2018-12-15,2021-2-1,final,2021-2-1,2018-4-15,2021-2-1
Religious Workers,2021-2-1,2021-2-1,2021-2-1,2018-12-15,2021-2-1,final,2021-2-1,2018-4-15,2021-2-1
5th non-regional,2021-2-1,2015-8-15,2021-2-1,2021-2-1,2021-2-1,final,2021-2-1,2021-2-1,2017-10-01
5th regional,2021-2-1,2015-8-15,2021-2-1,2021-2-1,2021-2-1,final,2021-2-1,2021-2-1,2017-10-01
1st,2021-2-1,2020-11-01,2020-11-01,2021-2-1,2021-2-1,filing,2021-2-1,2021-2-1,
2nd,2021-2-1,2016-10-01,2011-5-15,2021-2-1,2021-2-1,filing,2021-2-1,2021-2-1,
3rd,2021-2-1,2018-6-01,2014-1-01,2021-2-1,2021-2-1,filing,2021-2-1,2021-2-1,
Other Workers,2021-2-1,2009-7-01,2014-1-01,2021-2-1,2021-2-1,filing,2021-2-1,2021-2-1,
4th,2021-2-1,2021-2-1,2021-2-1,2021-2-1,2021-2-1,filing,2021-2-1,2018-9-01,
Religious Workers,2021-2-1,2021-2-1,2021-2-1,2021-2-1,2021-2-1,filing,2021-2-1,2018-9-01,
5th non-regional,2021-2-1,2015-12-15,2021-2-1,2021-2-1,2021-2-1,filing,2021-2-1,2021-2-1,
5th regional,2021-2-1,2015-12-15,2021-2-1,2021-2-1,2021-2-1,filing,2021-2-1,2021-2-1,
1st,2021-3-1,2020-8-01,2020-8-01,2021-3-1,2021-3-1,final,2021-3-1,2021-3-1,2021-3-1
2nd,2021-3-1,2016-7-15,2010-1-15,2021-3-1,2021-3-1,final,2021-3-1,2021-3-1,2021-3-1
3rd,2021-3-1,2018-2-08,2010-7-01,2021-3-1,2021-3-1,final,2021-3-1,2021-3-1,2021-3-1
Other Workers,2021-3-1,2009-5-01,2010-7-01,2021-3-1,2021-3-1,final,2021-3-1,2021-3-1,2021-3-1
4th,2021-3-1,2021-3-1,2021-3-1,2019-1-01,2021-3-1,final,2021-3-1,2018-6-01,2021-3-1
Religious Workers,2021-3-1,2021-3-1,2021-3-1,2019-1-01,2021-3-1,final,2021-3-1,2018-6-01,2021-3-1
5th non-regional,2021-3-1,2015-8-15,2021-3-1,2021-3-1,2021-3-1,final,2021-3-1,2021-3-1,2017-10-22
5th regional,2021-3-1,2015-8-15,2021-3-1,2021-3-1,2021-3-1,final,2021-3-1,2021-3-1,2017-10-22
1st,2021-3-1,2021-3-1,2021-3-1,2021-3-1,2021-3-1,filing,2021-3-1,2021-3-1,
2nd,2021-3-1,2016-10-01,2011-5-15,2021-3-1,2021-3-1,filing,2021-3-1,2021-3-1,
3rd,2021-3-1,2018-6-01,2014-1-01,2021-3-1,2021-3-1,filing,2021-3-1,2021-3-1,
Other Workers,2021-3-1,2009-7-01,2014-1-01,2021-3-1,2021-3-1,filing,2021-3-1,2021-3-1,
4th,2021-3-1,2021-3-1,2021-3-1,2021-3-1,2021-3-1,filing,2021-3-1,2018-9-01,
Religious Workers,2021-3-1,2021-3-1,2021-3-1,2021-3-1,2021-3-1,filing,2021-3-1,2018-9-01,
5th non-regional,2021-3-1,2015-12-15,2021-3-1,2021-3-1,2021-3-1,filing,2021-3-1,2021-3-1,
5th regional,2021-3-1,2015-12-15,2021-3-1,2021-3-1,2021-3-1,filing,2021-3-1,2021-3-1,
1st,2021-4-1,2021-4-1,2021-4-1,2021-4-1,2021-4-1,final,2021-4-1,2021-4-1,2021-4-1
2nd,2021-4-1,2016-9-01,2010-5-01,2021-4-1,2021-4-1,final,2021-4-1,2021-4-1,2021-4-1
3rd,2021-4-1,2018-3-15,2010-9-01,2021-4-1,2021-4-1,final,2021-4-1,2021-4-1,2021-4-1
Other Workers,2021-4-1,2009-6-01,2010-9-01,2021-4-1,2021-4-1,final,2021-4-1,2021-4-1,2021-4-1
4th,2021-4-1,2021-4-1,2021-4-1,2019-2-01,2021-4-1,final,2021-4-1,2018-8-01,2021-4-1
Religious Workers,2021-4-1,2021-4-1,2021-4-1,2019-2-01,2021-4-1,final,2021-4-1,2018-8-01,2021-4-1
5th non-regional,2021-4-1,2015-8-15,2021-4-1,2021-4-1,2021-4-1,final,2021-4-1,2021-4-1,2017-12-15
5th regional,2021-4-1,2015-8-15,2021-4-1,2021-4-1,2021-4-1,final,2021-4-1,2021-4-1,2017-12-15
1st,2021-4-1,2021-4-1,2021-4-1,2021-4-1,2021-4-1,filing,2021-4-1,2021-4-1,
2nd,2021-4-1,2017-1-01,2011-5-15,2021-4-1,2021-4-1,filing,2021-4-1,2021-4-1,
3rd,2021-4-1,2018-8-01,2014-1-01,2021-4-1,2021-4-1,filing,2021-4-1,2021-4-1,
Other Workers,2021-4-1,2009-9-01,2014-1-01,2021-4-1,2021-4-1,filing,2021-4-1,2021-4-1,
4th,2021-4-1,2021-4-1,2021-4-1,2021-4-1,2021-4-1,filing,2021-4-1,2018-11-01,
Religious Workers,2021-4-1,2021-4-1,2021-4-1,2021-4-1,2021-4-1,filing,2021-4-1,2018-11-01,
5th non-regional,2021-4-1,2015-12-15,2021-4-1,2021-4-1,2021-4-1,filing,2021-4-1,2021-4-1,
5th regional,2021-4-1,2015-12-15,2021-4-1,2021-4-1,2021-4-1,filing,2021-4-1,2021-4-1,
1st,2021-5-1,2021-5-1,2021-5-1,2021-5-1,2021-5-1,final,2021-5-1,2021-5-1,2021-5-1
2nd,2021-5-1,2016-12-01,2010-8-01,2021-5-1,2021-5-1,final,2021-5-1,2021-5-1,2021-5-1
3rd,2021-5-1,2018-5-15,2011-2-01,2021-5-1,2021-5-1,final,2021-5-1,2021-5-1,2021-5-1
Other Workers,2021-5-1,2009-8-01,2011-2-01,2021-5-1,2021-5-1,final,2021-5-1,2021-5-1,2021-5-1
4th,2021-5-1,2021-5-1,2021-5-1,2019-3-15,2021-5-1,final,2021-5-1,2018-9-01,2021-5-1
Religious Workers,2021-5-1,2021-5-1,2021-5-1,2019-3-15,2021-5-1,final,2021-5-1,2018-9-01,2021-5-1
5th non-regional,2021-5-1,2015-8-15,2021-5-1,2021-5-1,2021-5-1,final,2021-5-1,2021-5-1,2018-2-15
5th regional,2021-5-1,2015-8-15,2021-5-1,2021-5-1,2021-5-1,final,2021-5-1,2021-5-1,2018-2-15
1st,2021-5-1,2021-5-1,2021-5-1,2021-5-1,2021-5-1,filing,2021-5-1,2021-5-1,
2nd,2021-5-1,2017-7-01,2011-5-15,2021-5-1,2021-5-1,filing,2021-5-1,2021-5-1,
3rd,2021-5-1,2018-9-01,2014-1-01,2021-5-1,2021-5-1,filing,2021-5-1,2021-5-1,
Other Workers,2021-5-1,2009-11-01,2014-1-01,2021-5-1,2021-5-1,filing,2021-5-1,2021-5-1,
4th,2021-5-1,2021-5-1,2021-5-1,2021-5-1,2021-5-1,filing,2021-5-1,2018-11-01,
Religious Workers,2021-5-1,2021-5-1,2021-5-1,2021-5-1,2021-5-1,filing,2021-5-1,2018-11-01,
5th non-regional,2021-5-1,2015-12-15,2021-5-1,2021-5-1,2021-5-1,filing,2021-5-1,2021-5-1,
5th regional,2021-5-1,2015-12-15,2021-5-1,2021-5-1,2021-5-1,filing,2021-5-1,2021-5-1,
1st,2021-6-1,2021-6-1,2021-6-1,2021-6-1,2021-6-1,final,2021-6-1,2021-6-1,2021-6-1
2nd,2021-6-1,2017-5-01,2010-12-01,2021-6-1,2021-6-1,final,2021-6-1,2021-6-1,2021-6-1
3rd,2021-6-1,2018-9-01,2011-11-01,2021-6-1,2021-6-1,final,2021-6-1,2021-6-1,2021-6-1
Other Workers,2021-6-1,2009-10-01,2011-11-01,2021-6-1,2021-6-1,final,2021-6-1,2021-6-1,2021-6-1
4th,2021-6-1,2021-6-1,2021-6-1,2019-11-01,2021-6-1,final,2021-6-1,2018-11-01,2021-6-1
Religious Workers,2021-6-1,2021-6-1,2021-6-1,2019-11-01,2021-6-1,final,2021-6-1,2018-11-01,2021-6-1
5th non-regional,2021-6-1,2015-9-15,2021-6-1,2021-6-1,2021-6-1,final,2021-6-1,2021-6-1,2018-4-15
5th regional,2021-6-1,2015-9-15,2021-6-1,2021-6-1,2021-6-1,final,2021-6-1,2021-6-1,2018-4-15
1st,2021-6-1,2021-6-1,2021-6-1,2021-6-1,2021-6-1,filing,2021-6-1,2021-6-1,
2nd,2021-6-1,2018-1-01,2011-8-01,2021-6-1,2021-6-1,filing,2021-6-1,2021-6-1,
3rd,2021-6-1,2019-1-01,2014-1-01,2021-6-1,2021-6-1,filing,2021-6-1,2021-6-1,
Other Workers,2021-6-1,2010-1-01,2014-1-01,2021-6-1,2021-6-1,filing,2021-6-1,2021-6-1,
4th,2021-6-1,2021-6-1,2021-6-1,2021-6-1,2021-6-1,filing,2021-6-1,2019-1-01,
Religious Workers,2021-6-1,2021-6-1,2021-6-1,2021-6-1,2021-6-1,filing,2021-6-1,2019-1-01,
5th non-regional,2021-6-1,2015-12-15,2021-6-1,2021-6-1,2021-6-1,filing,2021-6-1,2021-6-1,
5th regional,2021-6-1,2015-12-15,2021-6-1,2021-6-1,2021-6-1,filing,2021-6-1,2021-6-1,
1st,2021-7-1,2021-7-1,2021-7-1,2021-7-1,2021-7-1,final,2021-7-1,2021-7-1,2021-7-1
2nd,2021-7-1,2017-12-01,2011-6-01,2021-7-1,2021-7-1,final,2021-7-1,2021-7-1,2021-7-1
3rd,2021-7-1,2019-1-01,2013-1-01,2021-7-1,2021-7-1,final,2021-7-1,2021-7-1,2021-7-1
Other Workers,2021-7-1,2009-12-01,2013-1-01,2021-7-1,2021-7-1,final,2021-7-1,2021-7-1,2021-7-1
4th,2021-7-1,2021-7-1,2021-7-1,2020-2-01,2021-7-1,final,2021-7-1,2018-12-01,2021-7-1
Religious Workers,2021-7-1,2021-7-1,2021-7-1,2020-2-01,2021-7-1,final,2021-7-1,2018-12-01,2021-7-1
5th non-regional,2021-7-1,2015-11-08,2021-7-1,2021-7-1,2021-7-1,final,2021-7-1,2021-7-1,2020-4-01
5th regional,,,,,,final,2021-7-1,,
1st,2021-7-1,2021-7-1,2021-7-1,2021-7-1,2021-7-1,filing,2021-7-1,2021-7-1,
2nd,2021-7-1,2018-7-01,2011-12-01,2021-7-1,2021-7-1,filing,2021-7-1,2021-7-1,
3rd,2021-7-1,2019-7-01,2014-2-01,2021-7-1,2021-7-1,filing,2021-7-1,2021-7-1,
Other Workers,2021-7-1,2010-5-01,2014-2-01,2021-7-1,2021-7-1,filing,2021-7-1,2021-7-1,
4th,2021-7-1,2021-7-1,2021-7-1,2021-7-1,2021-7-1,filing,2021-7-1,2019-3-01,
Religious Workers,2021-7-1,2021-7-1,2021-7-1,2021-7-1,2021-7-1,filing,2021-7-1,2019-3-01,
5th non-regional,2021-7-1,2015-12-15,2021-7-1,2021-7-1,2021-7-1,filing,2021-7-1,2021-7-1,
5th regional,2021-7-1,2015-12-15,2021-7-1,2021-7-1,2021-7-1,filing,2021-7-1,2021-7-1,
1st,2021-8-1,2021-8-1,2021-8-1,2021-8-1,2021-8-1,final,2021-8-1,2021-8-1,2021-8-1
2nd,2021-8-1,2018-4-01,2011-6-01,2021-8-1,2021-8-1,final,2021-8-1,2021-8-1,2021-8-1
3rd,2021-8-1,2019-1-08,2013-7-01,2021-8-1,2021-8-1,final,2021-8-1,2021-8-1,2021-8-1
Other Workers,2021-8-1,2010-1-01,2013-7-01,2021-8-1,2021-8-1,final,2021-8-1,2021-8-1,2021-8-1
4th,2021-8-1,2021-8-1,2021-8-1,2020-2-01,2021-8-1,final,2021-8-1,2019-1-01,2021-8-1
Religious Workers,2021-8-1,2021-8-1,2021-8-1,2020-2-01,2021-8-1,final,2021-8-1,2019-1-01,2021-8-1
5th non-regional,2021-8-1,2015-11-15,2021-8-1,2021-8-1,2021-8-1,final,2021-8-1,2021-8-1,2021-8-1
5th regional,,,,,,final,2021-8-1,,
1st,2021-8-1,2021-8-1,2021-8-1,2021-8-1,2021-8-1,filing,2021-8-1,2021-8-1,
2nd,2021-8-1,2018-7-01,2011-12-01,2021-8-1,2021-8-1,filing,2021-8-1,2021-8-1,
3rd,2021-8-1,2019-7-01,2014-2-01,2021-8-1,2021-8-1,filing,2021-8-1,2021-8-1,
Other Workers,2021-8-1,2010-5-01,2014-2-01,2021-8-1,2021-8-1,filing,2021-8-1,2021-8-1,
4th,2021-8-1,2021-8-1,2021-8-1,2021-8-1,2021-8-1,filing,2021-8-1,2019-3-01,
Religious Workers,2021-8-1,2021-8-1,2021-8-1,2021-8-1,2021-8-1,filing,2021-8-1,2019-3-01,
5th non-regional,2021-8-1,2015-12-15,2021-8-1,2021-8-1,2021-8-1,filing,2021-8-1,2021-8-1,
5th regional,2021-8-1,2015-12-15,2021-8-1,2021-8-1,2021-8-1,filing,2021-8-1,2021-8-1,
1st,2021-9-1,2021-9-1,2021-9-1,2021-9-1,2021-9-1,final,2021-9-1,2021-9-1,2021-9-1
2nd,2021-9-1,2018-7-01,2011-9-01,2021-9-1,2021-9-1,final,2021-9-1,2021-9-1,2021-9-1
3rd,2021-9-1,2019-1-08,2014-1-01,2021-9-1,2021-9-1,final,2021-9-1,2021-9-1,2021-9-1
Other Workers,2021-9-1,2010-2-01,2014-1-01,2021-9-1,2021-9-1,final,2021-9-1,2021-9-1,2021-9-1
4th,2021-9-1,2021-9-1,2021-9-1,2020-3-01,2021-9-1,final,2021-9-1,2019-3-15,2021-9-1
Religious Workers,2021-9-1,2021-9-1,2021-9-1,2020-3-01,2021-9-1,final,2021-9-1,2019-3-15,2021-9-1
5th non-regional,2021-9-1,2015-11-22,2021-9-1,2021-9-1,2021-9-1,final,2021-9-1,2021-9-1,2021-9-1
5th regional,,,,,,final,2021-9-1,,
1st,2021-9-1,2021-9-1,2021-9-1,2021-9-1,2021-9-1,filing,2021-9-1,2021-9-1,
2nd,2021-9-1,2018-9-01,2011-12-01,2021-9-1,2021-9-1,filing,2021-9-1,2021-9-1,
3rd,2021-9-1,2019-7-01,2014-3-01,2021-9-1,2021-9-1,filing,2021-9-1,2021-9-1,
Other Workers,2021-9-1,2010-5-01,2014-3-01,2021-9-1,2021-9-1,filing,2021-9-1,2021-9-1,
4th,2021-9-1,2021-9-1,2021-9-1,2021-9-1,2021-9-1,filing,2021-9-1,2019-5-15,
Religious Workers,2021-9-1,2021-9-1,2021-9-1,2021-9-1,2021-9-1,filing,2021-9-1,2019-5-15,
5th non-regional,2021-9-1,2015-12-15,2021-9-1,2021-9-1,2021-9-1,filing,2021-9-1,2021-9-1,
5th regional,2021-9-1,2015-12-15,2021-9-1,2021-9-1,2021-9-1,filing,2021-9-1,2021-9-1,
1st,2021-10-1,2021-10-1,2021-10-1,2021-10-1,2021-10-1,final,2021-10-1,2021-10-1,
2nd,2021-10-1,2018-7-01,2011-9-01,2021-10-1,2021-10-1,final,2021-10-1,2021-10-1,
3rd,2021-10-1,2019-1-08,2014-1-01,2021-10-1,2021-10-1,final,2021-10-1,2021-10-1,
Other Workers,2021-10-1,2010-2-01,2014-1-01,2021-10-1,2021-10-1,final,2021-10-1,2021-10-1,
4th,2021-10-1,2021-10-1,2021-10-1,2020-3-01,2021-10-1,final,2021-10-1,2019-3-15,
Religious Workers,,,,,,final,2021-10-1,,
5th non-regional,2021-10-1,2015-11-22,2021-10-1,2021-10-1,2021-10-1,final,2021-10-1,2021-10-1,
5th regional,,,,,,final,2021-10-1,,
1st,2021-10-1,2021-10-1,2021-10-1,2021-10-1,2021-10-1,filing,2021-10-1,2021-10-1,
2nd,2021-10-1,2018-9-01,2012-7-08,2021-10-1,2021-10-1,filing,2021-10-1,2021-10-1,
3rd,2021-10-1,2019-1-15,2014-1-08,2021-10-1,2021-10-1,filing,2021-10-1,2021-10-1,
Other Workers,2021-10-1,2010-5-01,2014-1-08,2021-10-1,2021-10-1,filing,2021-10-1,2021-10-1,
4th,2021-10-1,2021-10-1,2021-10-1,2021-10-1,2021-10-1,filing,2021-10-1,2019-5-15,
Religious Workers,2021-10-1,2021-10-1,2021-10-1,2021-10-1,2021-10-1,filing,2021-10-1,2019-5-15,
5th non-regional,2021-10-1,2015-12-15,2021-10-1,2021-10-1,2021-10-1,filing,2021-10-1,2021-10-1,
5th regional,2021-10-1,2015-12-15,2021-10-1,2021-10-1,2021-10-1,filing,2021-10-1,2021-10-1,
1st,2021-11-1,2021-11-1,2021-11-1,2021-11-1,2021-11-1,final,2021-11-1,2021-11-1,
2nd,2021-11-1,2018-11-15,2011-12-01,2021-11-1,2021-11-1,final,2021-11-1,2021-11-1,
3rd,2021-11-1,2018-3-22,2012-1-15,2021-11-1,2021-11-1,final,2021-11-1,2021-11-1,
Other Workers,2021-11-1,2010-3-01,2012-1-15,2021-11-1,2021-11-1,final,2021-11-1,2021-11-1,
4th,2021-11-1,2021-11-1,2021-11-1,2020-4-01,2021-11-1,final,2021-11-1,2019-3-15,
Religious Workers,2021-11-1,2021-11-1,2021-11-1,2020-4-01,2021-11-1,final,2021-11-1,2019-3-15,
5th non-regional,2021-11-1,2015-11-22,2021-11-1,2021-11-1,2021-11-1,final,2021-11-1,2021-11-1,
5th regional,,,,,,final,2021-11-1,,
1st,2021-11-1,2021-11-1,2021-11-1,2021-11-1,2021-11-1,filing,2021-11-1,2021-11-1,
2nd,2021-11-1,2019-2-01,2013-1-08,2021-11-1,2021-11-1,filing,2021-11-1,2021-11-1,
3rd,2021-11-1,2018-4-01,2012-1-22,2021-11-1,2021-11-1,filing,2021-11-1,2021-11-1,
Other Workers,2021-11-1,2010-5-01,2012-1-22,2021-11-1,2021-11-1,filing,2021-11-1,2021-11-1,
4th,2021-11-1,2021-11-1,2021-11-1,2021-11-1,2021-11-1,filing,2021-11-1,2019-5-15,
Religious Workers,2021-11-1,2021-11-1,2021-11-1,2021-11-1,2021-11-1,filing,2021-11-1,2019-5-15,
5th non-regional,2021-11-1,2015-12-15,2021-11-1,2021-11-1,2021-11-1,filing,2021-11-1,2021-11-1,
5th regional,2021-11-1,2015-12-15,2021-11-1,2021-11-1,2021-11-1,filing,2021-11-1,2021-11-1,
1st,2021-12-1,2021-12-1,2021-12-1,2021-12-1,2021-12-1,final,2021-12-1,2021-12-1,
2nd,2021-12-1,2019-1-01,2012-5-01,2021-12-1,2021-12-1,final,2021-12-1,2021-12-1,
3rd,2021-12-1,2018-3-22,2012-1-15,2021-12-1,2021-12-1,final,2021-12-1,2021-12-1,
Other Workers,2021-12-1,2012-3-01,2012-1-15,2021-12-1,2021-12-1,final,2021-12-1,2021-12-1,
4th,2021-12-1,2021-12-1,2021-12-1,2020-4-01,2021-12-1,final,2021-12-1,2019-3-15,
Religious Workers,2021-12-1,2021-12-1,2021-12-1,2020-4-01,2021-12-1,final,2021-12-1,2019-3-15,
5th non-regional,2021-12-1,2021-12-1,2021-12-1,2021-12-1,2021-12-1,final,2021-12-1,2021-12-1,
5th regional,,,,,,final,2021-12-1,,
1st,2021-12-1,2021-12-1,2021-12-1,2021-12-1,2021-12-1,filing,2021-12-1,2021-12-1,
2nd,2021-12-1,2019-4-01,2013-7-08,2021-12-1,2021-12-1,filing,2021-12-1,2021-12-1,
3rd,2021-12-1,2018-4-01,2012-1-22,2021-12-1,2021-12-1,filing,2021-12-1,2021-12-1,
Other Workers,2021-12-1,2015-5-01,2012-1-22,2021-12-1,2021-12-1,filing,2021-12-1,2021-12-1,
4th,2021-12-1,2021-12-1,2021-12-1,2021-12-1,2021-12-1,filing,2021-12-1,2019-5-15,
Religious Workers,2021-12-1,2021-12-1,2021-12-1,2021-12-1,2021-12-1,filing,2021-12-1,2019-5-15,
5th non-regional,2021-12-1,2021-12-1,2021-12-1,2021-12-1,2021-12-1,filing,2021-12-1,2021-12-1,
5th regional,2021-12-1,2015-12-15,2021-12-1,2021-12-1,2021-12-1,filing,2021-12-1,2021-12-1,
1st,2022-1-1,2022-1-1,2022-1-1,2022-1-1,2022-1-1,final,2022-1-1,2022-1-1,
2nd,2022-1-1,2019-1-22,2012-7-08,2022-1-1,2022-1-1,final,2022-1-1,2022-1-1,
3rd,2022-1-1,2018-3-22,2012-1-15,2022-1-1,2022-1-1,final,2022-1-1,2022-1-1,
Other Workers,2022-1-1,2012-3-01,2012-1-15,2022-1-1,2022-1-1,final,2022-1-1,2022-1-1,
4th,2022-1-1,2022-1-1,2022-1-1,2020-4-01,2022-1-1,final,2022-1-1,2019-3-15,
Religious Workers,2022-1-1,2022-1-1,2022-1-1,2020-4-01,2022-1-1,final,2022-1-1,2019-3-15,
5th non-regional,2022-1-1,2022-1-1,2022-1-1,2022-1-1,2022-1-1,final,2022-1-1,2022-1-1,
5th regional,,,,,,final,2022-1-1,,
1st,2022-1-1,2022-1-1,2022-1-1,2022-1-1,2022-1-1,filing,2022-1-1,2022-1-1,
2nd,2022-1-1,2019-4-01,2013-7-08,2022-1-1,2022-1-1,filing,2022-1-1,2022-1-1,
3rd,2022-1-1,2018-4-01,2012-1-22,2022-1-1,2022-1-1,filing,2022-1-1,2022-1-1,
Other Workers,2022-1-1,2015-5-01,2012-1-22,2022-1-1,2022-1-1,filing,2022-1-1,2022-1-1,
4th,2022-1-1,2022-1-1,2022-1-1,2022-1-1,2022-1-1,filing,2022-1-1,2019-5-15,
Religious Workers,2022-1-1,2022-1-1,2022-1-1,2022-1-1,2022-1-1,filing,2022-1-1,2019-5-15,
5th non-regional,2022-1-1,2022-1-1,2022-1-1,2022-1-1,2022-1-1,filing,2022-1-1,2022-1-1,
5th regional,2022-1-1,2015-12-15,2022-1-1,2022-1-1,2022-1-1,filing,2022-1-1,2022-1-1,
